TEAM,NAME,PLAYER_ID,NAT,LINK
BER,"BEAN, JUSTIN",P012721,USA,https://media-cdn.incrowdsports.com/541ed5f5-5882-4d0c-aa98-b5859dd37030.png
BER,"GROSBER, DORIAN",P012099,LUX,https://media-cdn.incrowdsports.com/9571b012-3fc7-4dee-993f-b3547f43178e.png
BER,"HERMANNSSON, MARTIN",P008780,ISL,https://media-cdn.incrowdsports.com/4032c082-43d3-42a6-aaad-00ff98c2a756.png
BER,"KOUMADJE, KHALIFA",P010791,CHA,https://media-cdn.incrowdsports.com/6c449e73-6d7f-446a-963f-8fa230763dc5.png
BER,"MATTISSECK, JONAS",P007025,GER,https://media-cdn.incrowdsports.com/f233c467-32fb-41af-807b-07660af5fa2c.png
BER,"MCDOWELL-WHITE, WILL",P008062,AUS,https://media-cdn.incrowdsports.com/5792acea-0096-41c4-8604-c9dad4cf9b06.png
BER,"OLINDE, LOUIS",P006919,GER,https://media-cdn.incrowdsports.com/0ca648b2-adaa-4385-94c5-57a9fcf141ce.png
BER,"RAPIEQUE, ELIAS",P011631,GER,https://media-cdn.incrowdsports.com/2adc2962-bb44-4461-8365-63e58f2861dc.png
BER,"SCHNEIDER, TIM",P006251,GER,https://media-cdn.incrowdsports.com/3c4d48d7-a0e1-4375-9246-2d9fc7bf969a.png
BER,"SPAGNOLO, MATTEO",P008173,ITA,https://media-cdn.incrowdsports.com/f0795f25-b925-43fa-b39f-96960ac8f71e.png
BER,"WETZELL, YANNI",P011934,NZL,https://media-cdn.incrowdsports.com/d30b67da-dc86-45f4-969f-ecb23a50e0ef.png
BER,"WILLIAMS, TREVION",P012604,USA,https://media-cdn.incrowdsports.com/2b7a2d25-26ce-4523-b1cb-d671eab50cd9.png
PAN,"BROWN, LORENZO",P009622,USA,https://media-cdn.incrowdsports.com/6094f620-9518-4136-a1a1-06b77c6ee708.png
PAN,"GRANT, JERIAN",P011204,USA,https://media-cdn.incrowdsports.com/3011c0c9-43b3-48ac-8277-e4f8f59b6c08.png
PAN,"GRIGONIS, MARIUS",P002328,LTU,https://media-cdn.incrowdsports.com/9b6b4d6f-597a-46b9-8584-31e83966f077.png
PAN,"HERNANGOMEZ, JUANCHO",P012712,ESP,https://media-cdn.incrowdsports.com/cdf4d0c7-5fa8-4d47-9453-723b07acc3c7.png
PAN,"KALAITZAKIS, PANAGIOTIS",P011209,GRE,https://media-cdn.incrowdsports.com/59c8e70a-6d80-4d8c-9382-162194e226d0.png
PAN,"LESSORT, MATHIAS",P003842,FRA,https://media-cdn.incrowdsports.com/b283a9ed-2227-43ef-8f8c-97fdc76e8b12.png
PAN,"MITOGLOU, KONSTANTINOS",P007866,GRE,https://media-cdn.incrowdsports.com/5c5b1aaf-6cd7-4d7c-bc81-5a2ca5391123.png
PAN,"NUNN, KENDRICK",P012774,USA,https://media-cdn.incrowdsports.com/78428dfc-c965-4e72-8eb6-5e362eeaa849.png
PAN,"OSMAN, CEDI",P004088,MKD,https://media-cdn.incrowdsports.com/826c12aa-ce2b-42fc-ae3b-a302611a8fbe.png
PAN,"PAPAPETROU, IOANNIS",P005161,GRE,https://media-cdn.incrowdsports.com/34435fbb-b543-4cdd-84f6-62cf44448c88.png
PAN,"SLOUKAS, KOSTAS",P001926,GRE,https://media-cdn.incrowdsports.com/ff4f77e9-8492-462b-9661-d6ca746d51c6.png
PAN,"YURTSEVEN, OMER",P005353,TUR,https://media-cdn.incrowdsports.com/49a2cbbb-5f11-4a78-a421-6a64972c15bb.png
MCO,"BLOSSOMGAME, JARON",P011231,USA,https://media-cdn.incrowdsports.com/8e6679e0-e62b-4838-bfa7-11bae0ac5ebb.png
MCO,"BROWN, VITTO",P013365,USA,https://media-cdn.incrowdsports.com/61800a63-45e8-44d5-9fce-9c519cc590e4.png
MCO,"CORNELIE, PETR",P004790,FRA,https://media-cdn.incrowdsports.com/1330e8d5-1022-47e2-8b03-86a512d8f561.png
MCO,"DIALLO, ALPHA",P011226,USA,https://media-cdn.incrowdsports.com/b80081ad-c850-47c6-9b59-132e98bbaf5b.png
MCO,"JAITEH, MAM",P002581,FRA,https://media-cdn.incrowdsports.com/81504ec9-fd6b-4124-afbf-bed470352312.png
MCO,"JAMES, MIKE",P005985,USA,https://media-cdn.incrowdsports.com/6798f111-3618-4825-b32e-11741d4229c0.png
MCO,"KORKMAZ, FURKAN",P005763,TUR,https://media-cdn.incrowdsports.com/7cab4747-9fd8-4e4b-abec-083e04e61665.png
MCO,"MOTIEJUNAS, DONATAS",PLCZ,LTU,https://media-cdn.incrowdsports.com/39083acc-1aae-4898-b1e0-0ec50c84f03e.png
MCO,"OKOBO, ELIE",P011212,FRA,https://media-cdn.incrowdsports.com/2383a124-8ef4-4332-80e6-2205022f82e9.png
MCO,"PAPAGIANNIS, GEORGIOS",P005844,GRE,https://media-cdn.incrowdsports.com/cb807059-ac98-4f20-b7c5-88d7d6862d06.png
MCO,"STRAZEL, MATTHEW",P008099,FRA,https://media-cdn.incrowdsports.com/15bebd90-1b9f-42b9-99fb-ced9102c9aad.png
MCO,"TARPEY, TERRY",P012515,FRA,https://media-cdn.incrowdsports.com/7e0e48b2-b483-4780-9bd7-197a630f9235.png
MIL,"BOLMARO, LEANDRO",P008985,ITA,https://media-cdn.incrowdsports.com/ea51e519-2f07-44bf-ae25-3f3f825ba0c8.png
MIL,"BROOKS, ARMONI",P013384,USA,https://media-cdn.incrowdsports.com/aad0e402-ea32-4e04-8741-f488f652c9c1.png
MIL,"CAUSEUR, FABIEN",P001392,FRA,https://media-cdn.incrowdsports.com/c02a4dc6-4b7f-4b9e-89ae-10a8ed78fd34.png
MIL,"DIMITRIJEVIC, NENO",P006085,MKD,https://media-cdn.incrowdsports.com/b73d9c63-2a0f-45be-bcfb-bab12c6e1043.png
MIL,"DIOP, OUSMANE",P013385,SEN,https://media-cdn.incrowdsports.com/d0167b04-5f43-414c-8093-b621c30cb05b.png
MIL,"LEDAY, ZACH",P008987,USA,https://media-cdn.incrowdsports.com/9e33219b-4fb2-46c7-bc55-2a04b583348a.png
MIL,"MC CORMACK, DAVID",P013386,USA,https://media-cdn.incrowdsports.com/27880101-0ad2-4d9d-8339-4ccaa2288ede.png
MIL,"MIROTIC, NIKOLA",P000796,ESP,https://media-cdn.incrowdsports.com/a771b68b-2056-4318-83a0-24b2ffb36d11.png
MIL,"NEBO, JOSH",P011199,SLO,https://media-cdn.incrowdsports.com/96ccc0f9-fd2d-4da8-af58-8d1bfe2fd839.png
MIL,"RICCI, GIAMPAOLO",P001518,ITA,https://media-cdn.incrowdsports.com/dc523b20-4e9c-4806-afa9-3993cbfb9d2f.png
MIL,"SHIELDS, SHAVON",P007831,DEN,https://media-cdn.incrowdsports.com/cc164c6b-d942-4733-a6ff-dc4544e1a6c2.png
MIL,"TONUT, STEFANO",P006509,ITA,https://media-cdn.incrowdsports.com/4fccbbc2-857f-4da1-9dab-fc44b47fe75f.png
ZAL,"BIRUTIS, LAURYNAS",P005504,LTU,https://media-cdn.incrowdsports.com/b3a77237-9548-4094-8536-a910283e5184.png
ZAL,"BRAZDEIKIS, IGNAS",P011983,LTU,https://media-cdn.incrowdsports.com/a42240f4-090a-4427-8daf-ffc7e3006afb.png
ZAL,"BUTKEVICIUS, ARNAS",P002676,LTU,https://media-cdn.incrowdsports.com/b080f644-df17-416a-b647-cb2fae3f3fd1.png
ZAL,"DUNSTON, BRYANT",P003048,USA,https://media-cdn.incrowdsports.com/c611afbb-f77f-4214-81fc-f08a742cd326.png
ZAL,"FRANCISCO, SYLVAIN",P007975,FRA,https://media-cdn.incrowdsports.com/471953cb-7f06-42cc-8fec-0405eabb4029.png
ZAL,"GIEDRAITIS, DOVYDAS",P007513,LTU,https://media-cdn.incrowdsports.com/8f1493eb-ebd5-4532-bc36-63e16ae94939.png
ZAL,"LEKAVICIUS, LUKAS",P003210,LTU,https://media-cdn.incrowdsports.com/e03b2138-ce9d-477b-9745-555d0ff9adb0.png
ZAL,"MITCHELL, MATTHEW",P012622,USA,https://media-cdn.incrowdsports.com/d7d10ebf-d311-4e29-8570-0d5ffaa48a1c.png
ZAL,"SIRVYDIS, DEIVIDAS",P007029,LTU,https://media-cdn.incrowdsports.com/0f7c26fa-a1c7-49fd-bcef-3d833fed5736.png
ZAL,"SMAILAGIC, ALEN",P011051,SRB,https://media-cdn.incrowdsports.com/4df94e70-a8c3-4448-8474-6f63d77d7517.png
ZAL,"ULANOVAS, EDGARAS",P002329,LTU,https://media-cdn.incrowdsports.com/474ff5fa-5ca2-47af-b70e-ac3960884a01.png
ZAL,"WALLACE, TYRONE",P011925,USA,https://media-cdn.incrowdsports.com/eee4bcba-33d2-4998-aa9d-a98604471a6f.png
BAR,"ABRINES, ALEX",P003478,ESP,https://media-cdn.incrowdsports.com/47795ee0-c812-487a-be8a-67900a5ab8d5.png
BAR,"ANDERSON, JUSTIN",P012795,USA,https://media-cdn.incrowdsports.com/3baf817d-a882-4f75-80ac-f5a9b39ea1b4.png
BAR,"FALL, YOUSSOUPHA",P006568,FRA,https://media-cdn.incrowdsports.com/f3205fbf-bef5-4b8a-9ea3-402b4a378331.png
BAR,"HERNANGOMEZ, WILLY",P003196,ESP,https://media-cdn.incrowdsports.com/a2cfd3c3-b886-48ab-a783-67513f66faf1.png
BAR,"LAPROVITTOLA, NICOLAS",P006435,ITA,https://media-cdn.incrowdsports.com/4d4c3cab-382d-4c79-a6dd-8994acdd821e.png
BAR,"METU, CHIMEZIE",P013379,NGR,https://media-cdn.incrowdsports.com/987ca277-8334-4862-a166-c8dd1a20ad4b.png
BAR,"NUNEZ, JUAN",P010106,ESP,https://media-cdn.incrowdsports.com/a3c39833-77ab-42cc-926f-9601bada7623.png
BAR,"PARKER, JABARI",P012745,USA,https://media-cdn.incrowdsports.com/0b469685-9de3-4a1f-b7bb-ffe75d1a9163.png
BAR,"PARRA, JOEL",P007464,ESP,https://media-cdn.incrowdsports.com/344d80d5-23c4-441d-8f4c-5a5ed14a9999.png
BAR,"PUNTER, KEVIN",P009862,SRB,https://media-cdn.incrowdsports.com/8f94477e-6387-41cd-b9b4-08d5dc2db4b8.png
BAR,"SATORANSKY, TOMAS",P002939,CZE,https://media-cdn.incrowdsports.com/c4c76984-2a5b-458e-b9fa-6b7969bb5bf7.png
BAR,"VESELY, JAN",P000925,CZE,https://media-cdn.incrowdsports.com/4be34f64-45a0-4d95-8b9d-a9259354d99e.png
BAS,"BALDWIN, KAMAR",P012597,USA,https://media-cdn.incrowdsports.com/f7283ab4-069e-4ef3-84eb-a68bdc6936ac.png
BAS,"DIOP, KHALIFA",P008072,SEN,https://media-cdn.incrowdsports.com/d6e66036-8399-4488-9cf5-b8ead9a451c8.png
BAS,"FORREST, TRENT",P013367,USA,https://media-cdn.incrowdsports.com/2258a1a6-ef61-4594-a6c6-7c07e2afbd60.png
BAS,"HALL, DONTA",P011196,USA,https://media-cdn.incrowdsports.com/6010eeec-accb-4644-8b7c-a9fd981dad19.png
BAS,"HOWARD, MARKUS",P011948,USA,https://media-cdn.incrowdsports.com/dac08765-8984-4e9b-85ce-92f3670ce151.png
BAS,"JARAMAZ, OGNJEN",P004058,SRB,https://media-cdn.incrowdsports.com/f0031d55-9883-419a-ae1d-775c39ad4af8.png
BAS,"LUWAWU-CABARROT, TIMOTHE",P012080,FRA,https://media-cdn.incrowdsports.com/ed294dca-7919-4472-aedc-1de0467335ca.png
BAS,"MONEKE, CHIMA",P012201,NGR,https://media-cdn.incrowdsports.com/c99df4e9-3587-4db0-8114-3972beeeb9d9.png
BAS,"NDIAYE, OUSMANE",P012058,SEN,https://media-cdn.incrowdsports.com/6f08779e-b52e-4806-8732-95ff9675a3c0.png
BAS,"RAIESTE, SANDER",P008850,EST,https://media-cdn.incrowdsports.com/32b9b901-2c92-4fcd-98b5-a3317eb8a89d.png
BAS,"ROGKAVOPOULOS, NIKOLAOS",P011085,GRE,https://media-cdn.incrowdsports.com/ea3e07f1-6e57-4af7-9b3c-cdefa3123e4d.png
BAS,"SEDEKERSKIS, TADAS",P007230,LTU,https://media-cdn.incrowdsports.com/a033b3ef-7790-421f-82fa-6aa8192098d4.png
PAR,"BONGA, ISAAC",P006760,GER,https://media-cdn.incrowdsports.com/974496ef-0137-405c-9ad9-37ef0d4e724a.png
PAR,"BROWN, STERLING",P012720,USA,https://media-cdn.incrowdsports.com/480c3017-7a86-42e5-a480-bfbde5207644.png
PAR,"DAVIES, BRANDON",P007870,USA,https://media-cdn.incrowdsports.com/81408ad9-aed4-4316-8d83-7f2f4eada6cf.png
PAR,"JONES, CARLIK",P013369,USA,https://media-cdn.incrowdsports.com/613ad222-b178-42f5-af77-75c2e22552a7.png
PAR,"JONES, TYRIQUE",P011981,USA,https://media-cdn.incrowdsports.com/01ff430d-de44-400a-ab89-ce01b5bd6ef9.png
PAR,"KOPRIVICA, BALSA",P011050,SRB,https://media-cdn.incrowdsports.com/c8479bbf-d59f-44e7-943d-e68ee7170738.png
PAR,"LAKIC, ARIJAN",P007736,SRB,https://media-cdn.incrowdsports.com/07a7277f-d210-4344-8706-b74ee4a6fbce.png
PAR,"LUNDBERG, IFFE",P010781,DEN,https://media-cdn.incrowdsports.com/a2cbf152-7faf-4ce6-b102-ec7cdf64d7b6.png
PAR,"MARINKOVIC, VANJA",P004761,SRB,https://media-cdn.incrowdsports.com/fd848082-f689-47f0-a578-a53d63a6fd1b.png
PAR,"NAKIC, MARIO",P007632,SRB,https://media-cdn.incrowdsports.com/08113adf-fa19-49b0-a8cc-1e299980a289.png
PAR,"NTILIKINA, FRANK",P006591,FRA,https://media-cdn.incrowdsports.com/8608f569-baa8-4708-9dfd-8b746a57c126.png
PAR,"POKUSEVSKI, ALEKSEJ",P008232,SRB,https://media-cdn.incrowdsports.com/98214c1e-e8c1-4b78-b670-8e5c4780dc9a.png
MUN,"BOOKER, DEVIN",P007056,USA,https://media-cdn.incrowdsports.com/603a8758-e88a-4d71-935e-c73e1201ec7c.png
MUN,"BRANKOVIC, DANKO",P007639,CRO,https://media-cdn.incrowdsports.com/62e22400-6f30-4a28-9288-8df658855669.png
MUN,"DA SILVA, OSCAR",P011244,GER,https://media-cdn.incrowdsports.com/415f34c0-6698-4640-b7cf-59edcf39a4bc.png
MUN,"EDWARDS, CARSEN",P011987,USA,https://media-cdn.incrowdsports.com/06c34b65-ca83-4e3e-8eda-b6c708dbccaf.png
MUN,"GIFFEY, NIELS",P001557,GER,https://media-cdn.incrowdsports.com/17f631c2-05c2-452f-9a39-3cb9533a0537.png
MUN,"HARRIS, ELIAS",P005460,GER,https://media-cdn.incrowdsports.com/9b314836-f6c0-4676-bf3a-29f1f489a12a.png
MUN,"LUCIC, VLADIMIR",P001288,SRB,https://media-cdn.incrowdsports.com/0339f7df-b2c2-480a-9abf-c2945868abac.png
MUN,"MADAR, YAM",P011052,ISR,https://media-cdn.incrowdsports.com/3961a953-2aa4-4b7f-9d65-d62cccfee81a.png
MUN,"NAPIER, SHABAZZ",P011224,USA,https://media-cdn.incrowdsports.com/94995977-a6a1-4a20-8926-04c11757b6f1.png
MUN,"OBST, ANDREAS",P004508,GER,https://media-cdn.incrowdsports.com/0c5a2349-762c-406c-9bb0-c7ef1a0dbe47.png
MUN,"VOIGTMANN, JOHANNES",P007201,GER,https://media-cdn.incrowdsports.com/9b05546b-aec0-4af0-b213-2f9db3d250fc.png
MUN,"WEILER-BABB, NICK",P010391,GER,https://media-cdn.incrowdsports.com/75f0d7e3-ca21-49db-8c77-f6e5ac98c2b5.png
MAD,"ABALDE, ALBERTO",P003733,ESP,https://media-cdn.incrowdsports.com/192d6d61-9180-4b9a-91c0-eff940b1f27e.png
MAD,"CAMPAZZO, FACUNDO",P005928,ARG,https://media-cdn.incrowdsports.com/3d4b3199-c570-491d-b1cf-76f82c2e229c.png
MAD,"DECK, GABRIEL",P009005,ARG,https://media-cdn.incrowdsports.com/67bcca4b-c111-46c5-ab33-5776f7866d53.png
MAD,"FELIZ, ANDRES",P011247,ESP,https://media-cdn.incrowdsports.com/add1b714-d177-4c67-a726-a283ec197f50.png
MAD,"GARUBA, USMAN",P007630,ESP,https://media-cdn.incrowdsports.com/8e68d998-2bbb-462e-9892-57b2208ebbf8.png
MAD,"GONZALEZ, HUGO",P011649,ESP,https://media-cdn.incrowdsports.com/0ab7dbc1-b9a7-4360-b004-2f3c68012071.png
MAD,"IBAKA, SERGE",P003583,ESP,https://media-cdn.incrowdsports.com/748b5640-038f-4608-90f1-2bdf439b3f4c.png
MAD,"LLULL, SERGIO",PTGB,ESP,https://media-cdn.incrowdsports.com/c0c0c586-9005-47a5-970d-86b57458701d.png
MAD,"MUSA, DZANAN",P006540,BIH,https://media-cdn.incrowdsports.com/33402fc3-96cf-4e53-ac32-2a46bc19b3d1.png
MAD,"NDIAYE, ELI",P009213,ESP,https://media-cdn.incrowdsports.com/2ce6d0d0-375c-468c-8af4-40b1dfdcad00.png
MAD,"RATHAN-MAYES, XAVIER",P013378,CAN,https://media-cdn.incrowdsports.com/bf65131d-44d5-4015-95c5-7d78f133a5d0.png
MAD,"TAVARES, WALTER",P005791,CPV,https://media-cdn.incrowdsports.com/b4070997-623b-4a6e-94bc-65fd4694b0c5.png
TEL,"BLATT, TAMIR",P011193,ISR,https://media-cdn.incrowdsports.com/cba0b06c-87ec-47ed-ad88-bf274bdb7477.png
TEL,"COHEN, JAKE",P005145,ISR,https://media-cdn.incrowdsports.com/e8d3f0dc-cce9-4329-9d5b-03c76519199d.png
TEL,"DIBARTOLOMEO, JOHN",P007990,ISR,https://media-cdn.incrowdsports.com/d849757d-0a4d-47b8-82aa-ddca5eb1f7bc.png
TEL,"HOARD, JAYLEN",P006835,USA,https://media-cdn.incrowdsports.com/e43108e6-9668-4d2c-8f49-626feda3dd50.png
TEL,"JOKUBAITIS, ROKAS",P007519,LTU,https://media-cdn.incrowdsports.com/14dcf6c1-2b5d-40fe-98d5-d6a38a8b9ba2.png
TEL,"KABA, ALPHA",P007855,FRA,https://media-cdn.incrowdsports.com/29235d63-5b89-4a19-8b4f-3d1a40924099.png
TEL,"LOYD, JORDAN",P009754,USA,https://media-cdn.incrowdsports.com/98972ead-f3fa-42ed-8dd0-333892cec3cd.png
TEL,"MENCO, RAFI",P004233,ISR,https://media-cdn.incrowdsports.com/242f0b43-a946-4eed-ae40-e8b82c297c1e.png
TEL,"RANDOLPH, LEVI",P013382,USA,https://media-cdn.incrowdsports.com/aea07f5d-99a0-4194-8a18-68d5a759e5ba.png
TEL,"RAYMAN, WILLIAM",P013381,ISR,https://media-cdn.incrowdsports.com/b1c74b18-0d82-42f9-b070-777f3705eae9.png
TEL,"RIVERO, JASIEL",P011214,CUB,https://media-cdn.incrowdsports.com/c82cce72-9c65-453a-bd47-efe9c757dad5.png
TEL,"SORKIN, ROMAN",P011219,ISR,https://media-cdn.incrowdsports.com/6d000710-a608-4093-8a24-3de224d00ca3.png
ASV,"BLACK, TARIK",P008991,USA,https://media-cdn.incrowdsports.com/31431122-8f94-41c1-ae56-2c34657c17c3.png
ASV,"DE COLO, NANDO",P002100,FRA,https://media-cdn.incrowdsports.com/168b2cb2-e32f-47b6-8a0f-c49fd080db79.png
ASV,"HARRISON, SHAQUILLE",P013371,USA,https://media-cdn.incrowdsports.com/d7172f56-4fad-490c-a0f5-cc2ac64a2ca9.png
ASV,"JACKSON, EDWIN",P000229,FRA,https://media-cdn.incrowdsports.com/5985ad3d-5864-4d4b-82a1-c95c14ed8b85.png
ASV,"KAHUDI, CHARLES",PKIR,FRA,https://media-cdn.incrowdsports.com/09c42084-be1d-4b65-b880-9544effea93a.png
ASV,"LAUVERGNE, JOFFREY",P004194,FRA,https://media-cdn.incrowdsports.com/2c5d0d04-968c-4590-9924-d0e7a7b23110.png
ASV,"LEE, PARIS",P011225,CMR,https://media-cdn.incrowdsports.com/05e68cf9-0a9c-4f03-a465-b109bea28982.png
ASV,"LIGHTY, DAVID",P003526,USA,https://media-cdn.incrowdsports.com/a326204a-16c3-4f08-b1b4-4369f192a50f.png
ASV,"MALEDON, THEO",P007027,FRA,https://media-cdn.incrowdsports.com/a8c1013c-4751-46eb-8a11-e792fdb2c495.png
ASV,"NDIAYE, MBAYE",P012731,SEN,https://media-cdn.incrowdsports.com/c4e02827-3285-4414-9da3-f24d0f9eef59.png
ASV,"SAKO, NEAL",P010545,FRA,https://media-cdn.incrowdsports.com/b2bf2145-3598-4c59-816e-8bba61c4b4bd.png
ASV,"SCHOFIELD, ADMIRAL",P013372,USA,https://media-cdn.incrowdsports.com/f96fdd98-1870-49ab-9e2e-3c0db7a4f749.png
ULK,"BALDWIN IV, WADE",P009863,USA,https://media-cdn.incrowdsports.com/2e29a079-eedd-4e4e-bb7a-b129c0c9575e.png
ULK,"BIRCH, KHEM",P007182,CAN,https://media-cdn.incrowdsports.com/9d120639-c1cf-48ed-b711-e57190c36fe7.png
ULK,"COLSON, BONZIE",P009783,USA,https://media-cdn.incrowdsports.com/8ac181cc-9967-4cd4-839e-7bc6b4bfcb4a.png
ULK,"GUDURIC, MARKO",P004004,SRB,https://media-cdn.incrowdsports.com/b3bbf0b0-eb5a-4986-8231-a1433ff07508.png
ULK,"HALL, DEVON",P011205,USA,https://media-cdn.incrowdsports.com/fd68fd6d-fa27-4c04-8b1b-f5347105fcba.png
ULK,"HAYES-DAVIS, NIGEL",P008962,USA,https://media-cdn.incrowdsports.com/37b00e59-560b-4b65-a269-9d2b0b8776bc.png
ULK,"MARJANOVIC, BOBAN",PLMG,SRB,https://media-cdn.incrowdsports.com/f12e7ba3-2f66-4b8b-b62c-ea3e6ad45051.png
ULK,"MELLI, NICOLO",P002849,ITA,https://media-cdn.incrowdsports.com/99de0949-0898-4903-9f69-a6ed15e45a55.png
ULK,"PIERRE, DYSHAWN",P010560,CAN,https://media-cdn.incrowdsports.com/7f04a6d9-d458-47c5-a453-b089904b8992.png
ULK,"SANLI, SERTAC",P002968,TUR,https://media-cdn.incrowdsports.com/253a34da-7f58-4354-a9a5-cc06507200c6.png
ULK,"WILBEKIN, SCOTTIE",P006661,USA,https://media-cdn.incrowdsports.com/dfcc2d01-1bfe-465a-81dd-f51457ff4287.png
ULK,"ZAGARS, ARTURS",P008104,LAT,https://media-cdn.incrowdsports.com/b4c3cecb-dc7f-4b94-b9c6-c13671bade5b.png
OLY,"DORSEY, TYLER",P009849,USA,https://media-cdn.incrowdsports.com/153a0612-03d6-48a2-9d15-8d46677d32ba.png
OLY,"FOURNIER, EVAN",P013380,FRA,https://media-cdn.incrowdsports.com/eefac20f-c371-476e-8294-f052e98bf0f3.png
OLY,"LARENTZAKIS, GIANNOULIS",P010392,GRE,https://media-cdn.incrowdsports.com/f051ba29-7b39-4681-b3c7-3de17ce25734.png
OLY,"MCKISSIC, SHAQUIELLE",P007853,USA,https://media-cdn.incrowdsports.com/0c13355b-b760-4c81-87d1-0c612cf8aa8a.png
OLY,"PAPANIKOLAOU, KOSTAS",P001255,GRE,https://media-cdn.incrowdsports.com/4077edcc-1632-460c-8bef-384c3c2a06d8.png
OLY,"PETERS, ALEC",P008829,USA,https://media-cdn.incrowdsports.com/415ba270-d601-4231-b0c8-e5a66d318117.png
OLY,"PETRUSEV, FILIP",P011194,SRB,https://media-cdn.incrowdsports.com/49fb89f8-8f19-4e91-a6eb-918ba0a5991d.png
OLY,"VEZENKOV, SASHA",P003469,GRE,https://media-cdn.incrowdsports.com/da9926d3-ef9c-4704-930c-4be3eb1fd3c0.png
OLY,"VILDOZA, LUCA",P007947,ITA,https://media-cdn.incrowdsports.com/dad5b538-3cf2-44ca-992a-b79ed24f4918.png
OLY,"WALKUP, THOMAS",P008855,GRE,https://media-cdn.incrowdsports.com/fdef274c-1494-4249-bbf0-304fe8bb7f65.png
OLY,"WILLIAMS-GOSS, NIGEL",P007982,USA,https://media-cdn.incrowdsports.com/cbd6634e-86be-46e4-8eef-b00c58be9e52.png
OLY,"WRIGHT, MOSES",P012878,USA,https://media-cdn.incrowdsports.com/e838afcb-9946-45a5-810d-5be567c6ed90.png
PRS,"CAVALIERE, LEOPOLD",P013373,FRA,https://media-cdn.incrowdsports.com/f24384c7-9fbd-4d01-a2e8-40f94f2cd1ec.png
PRS,"HAYES, KEVARRIUS",P010390,USA,https://media-cdn.incrowdsports.com/6bc5bce4-f522-4167-8419-8c5d2d1694d2.png
PRS,"HERRERA, SEBASTIAN",P012611,GER,https://media-cdn.incrowdsports.com/13de00c6-8e0f-4dac-970a-58d7fcc266d9.png
PRS,"HIFI, NADIR",P012640,FRA,https://media-cdn.incrowdsports.com/097b8fc2-a7ee-4009-94ed-ba04f794b721.png
PRS,"JANTUNEN, MIKAEL",P012613,FIN,https://media-cdn.incrowdsports.com/3f5cf3e4-2b6c-4c35-bbaa-631d721c701c.png
PRS,"KRATZER, LEON",P004512,GER,https://media-cdn.incrowdsports.com/793aeb4c-04f2-4521-b544-50802f53c32f.png
PRS,"LO, MAODO",P007032,GER,https://media-cdn.incrowdsports.com/9f7f2587-caaf-41fd-a2a2-3294355b7907.png
PRS,"MALCOLM, COLLIN",P012609,USA,https://media-cdn.incrowdsports.com/ea60dcd4-4e2c-4a2f-a40c-0ed6badffccc.png
PRS,"OUATTARA, YAKUBA",P004197,FRA,https://media-cdn.incrowdsports.com/3b0339f7-a2f5-4094-bb9c-2095f50d8194.png
PRS,"SHORTS, TJ",P012608,MKD,https://media-cdn.incrowdsports.com/a3302ca0-0a06-4b2e-8065-f93d4b605f36.png
PRS,"SY, BANDJA",P005793,FRA,https://media-cdn.incrowdsports.com/a07f3230-7935-48ea-89d0-e323d7374266.png
PRS,"WARD, TYSON",P012610,USA,https://media-cdn.incrowdsports.com/61069904-5d06-40a8-9ee9-ab296c388b64.png
RED,"BOLOMBOY, JOEL",P009035,USA,https://media-cdn.incrowdsports.com/3a4cfafe-0f2b-451f-964c-cacb9f51bc2b.png
RED,"CANAAN, ISAIAH",P010612,USA,https://media-cdn.incrowdsports.com/fdbe31b3-5c83-4daf-93b7-36ee2ada05d0.png
RED,"DAUM, MIKE",P012786,USA,https://media-cdn.incrowdsports.com/f36d103b-9f85-4eac-a624-e8f2a7330a18.png
RED,"DAVIDOVAC, DEJAN",P007960,SRB,https://media-cdn.incrowdsports.com/7c9b47c4-d0ca-4827-bb68-3ad4f5d4e2c3.png
RED,"DOBRIC, OGNJEN",P004007,SRB,https://media-cdn.incrowdsports.com/a22ad126-7b94-446e-87f2-6ec6b8709388.png
RED,"DOS SANTOS, YAGO",P012044,BRA,https://media-cdn.incrowdsports.com/6d744023-a776-440a-b713-1d6eea2f9637.png
RED,"GIEDRAITIS, ROKAS",P006436,LTU,https://media-cdn.incrowdsports.com/514eb8b6-1987-43f8-b24b-748065632795.png
RED,"KALINIC, NIKOLA",P004866,SRB,https://media-cdn.incrowdsports.com/3aba038c-6bc8-48fa-b79b-77c42bb3f341.png
RED,"MILLER-MCINTYRE, CODI",P009048,USA,https://media-cdn.incrowdsports.com/13f89e15-0622-4088-980d-a71fed39f12f.png
RED,"MITROVIC, LUKA",P002553,SRB,https://media-cdn.incrowdsports.com/a68d0c8a-9eb6-4474-962c-16864ab255db.png
RED,"NEDOVIC, NEMANJA",P000848,SRB,https://media-cdn.incrowdsports.com/8c0414fc-8bc0-49ad-b14b-31c1db32e9d0.png
RED,"PLAVSIC, UROS",P006240,SRB,https://media-cdn.incrowdsports.com/dcec04a1-480a-4570-8d4d-8c7ead2ebf50.png
VIR,"AKELE, NICOLA",P011816,ITA,https://media-cdn.incrowdsports.com/497b2a7d-b61c-43b7-a858-3e57591de06c.png
VIR,"BELINELLI, MARCO",PBCN,ITA,https://media-cdn.incrowdsports.com/95f413de-ce11-4fe1-916a-3984551ceba7.png
VIR,"CLYBURN, WILL",P004888,USA,https://media-cdn.incrowdsports.com/48bf0f02-5fb5-4baa-8065-f76661612dc0.png
VIR,"CORDINIER, ISAIA",P009549,FRA,https://media-cdn.incrowdsports.com/e3fac696-389b-4586-8dac-0ecf02251464.png
VIR,"DIOUF, MOUHAMET",P013374,ITA,https://media-cdn.incrowdsports.com/992e479b-f532-4ef2-8717-0614e3acc259.png
VIR,"HACKETT, DANIEL",P001844,ITA,https://media-cdn.incrowdsports.com/f5d3ffc5-6ed4-43a7-9c66-674c0ac86187.png
VIR,"MORGAN, MATTHEW",P012585,USA,https://media-cdn.incrowdsports.com/6b13fc6a-5417-473f-8199-6259fe951998.png
VIR,"PAJOLA, ALESSANDRO",P006739,ITA,https://media-cdn.incrowdsports.com/6541f280-b115-4758-b184-13631cba587a.png
VIR,"POLONARA, ACHILLE",P002084,ITA,https://media-cdn.incrowdsports.com/1cbaecd9-0811-4c56-b6db-96ca70ea1141.png
VIR,"SHENGELIA, TORNIKE",P001133,GEO,https://media-cdn.incrowdsports.com/892c9315-559b-418b-bdab-a8e0e0d66add.png
VIR,"TUCKER, RAYJON",P012591,USA,https://media-cdn.incrowdsports.com/8dcf5706-93ef-4be4-a5c2-6c1d8c6bbbe3.png
VIR,"ZIZIC, ANTE",P004554,CRO,https://media-cdn.incrowdsports.com/ba96c7c1-38ad-4579-ae05-f40d7530399d.png
IST,"BEAUBOIS, RODRIGUE",P006590,FRA,https://media-cdn.incrowdsports.com/d9946f3a-20ae-414f-a62f-0d85dbb5bb07.png
IST,"BRYANT, ELIJAH",P009846,USA,https://media-cdn.incrowdsports.com/884c7881-bc0b-4b2c-b95f-3f1abf3a8fa7.png
IST,"HOLLATZ, JUSTUS",P009513,GER,https://media-cdn.incrowdsports.com/d16b8105-3794-4737-87a7-2ac91acd282f.png
IST,"JOHNSON, STANLEY",P013364,USA,https://media-cdn.incrowdsports.com/e59db620-78fb-4e0b-abb6-6c8c5c603a97.png
IST,"LARKIN, SHANE",P007200,USA,https://media-cdn.incrowdsports.com/29f7e3f7-2a14-4bf2-a5ab-3fb89fdfe607.png
IST,"NWORA, JORDAN",P013363,USA,https://media-cdn.incrowdsports.com/ada69e44-57ed-4020-9a48-79e549c394e5.png
IST,"OSMANI, ERCAN",P012710,TUR,https://media-cdn.incrowdsports.com/73c6e2d2-b8f4-45cf-998f-3c7c5efb2e4f.png
IST,"OTURU, DAN",P012788,USA,https://media-cdn.incrowdsports.com/93f25258-b999-4a4f-943c-09dc8a64d000.png
IST,"POIRIER, VINCENT",P004887,FRA,https://media-cdn.incrowdsports.com/d24532c7-b1b3-42b5-b5e9-232d495fce34.png
IST,"SMITS, ROLANDS",P007109,LAT,https://media-cdn.incrowdsports.com/861b638a-0350-4068-a843-18d57635236a.png
IST,"THOMPSON, DARIUS",P011078,USA,https://media-cdn.incrowdsports.com/569effee-e3b6-442e-8f83-73e4321c7de8.png
IST,"WILLIS, DEREK",P009664,USA,https://media-cdn.incrowdsports.com/0b9cdea0-6e57-4257-bcb5-232e9704e702.png
MCO,"BEGARIN, JUHANN",P008161,FRA,https://media-cdn.incrowdsports.com/5e32e07c-3aaa-41b6-80ba-b16c156a587c.png
RED,"LAZIC, BRANKO",PLUO,SRB,https://media-cdn.incrowdsports.com/6dcc04d5-821e-4113-a665-029a43d76425.png
BAS,"SAVKOV, PAVEL",P010784,RUS,https://media-cdn.incrowdsports.com/417c6fad-5684-44f9-8008-0a7d7bccab80.png
IST,"OZDEMIROGLU, DOGUS",P006640,TUR,https://media-cdn.incrowdsports.com/10057827-8344-4792-bd68-8f227ccb9faf.png
ULK,"BIBEROVIC, TARIK",P006961,TUR,https://media-cdn.incrowdsports.com/bcefd4a2-4919-486a-a06a-44e5ac6efdf5.png
VIR,"GRAZULIS, ANDREJS",P005738,LAT,https://media-cdn.incrowdsports.com/559a7eae-7b31-451a-b400-dbe061e5bc19.png
MUN,"KHARCHENKOV, IVAN",P012123,GER,https://media-cdn.incrowdsports.com/3eb9cca0-1820-4e97-9745-16e629bb9a89.png
MAD,"HEZONJA, MARIO",P003108,CRO,https://media-cdn.incrowdsports.com/d61126dd-e3ac-46de-b012-42fd1ba92f1d.png
MIL,"BORTOLANI, GIORDANO",P006701,ITA,https://media-cdn.incrowdsports.com/8a490b5f-fd33-4e92-9d60-bb4a70579a68.png
MIL,"CARUSO, GUGLIELMO",P006721,ITA,https://media-cdn.incrowdsports.com/29cec6e2-585d-42db-99e3-da503d3ada8e.png
BAR,"BRIZUELA, DARIO",P009992,ESP,https://media-cdn.incrowdsports.com/ff80e53b-0a60-416b-aa0a-3435c3ddb3d1.png
BER,"PROCIDA, GABRIELE",P008384,ITA,https://media-cdn.incrowdsports.com/7b39212c-57ba-48ee-b313-18b473fcf736.png
OLY,"FALL, MOUSTAPHA",P008811,FRA,https://media-cdn.incrowdsports.com/691e5b14-6518-4067-8343-013b90f2fd3f.png
ASV,"SISSOKO, YOHANN",P012263,FRA,https://media-cdn.incrowdsports.com/cb004c85-f67e-4c79-af91-949e4e6e0c6d.png
ULK,"BIRSEN, METECAN",P003091,IRL,https://media-cdn.incrowdsports.com/970f730e-cf5b-4abf-89dd-727d1d6e039e.png
ULK,"MAHMUTOGLU, MELIH",P002969,TUR,https://media-cdn.incrowdsports.com/a148a3b5-02f1-4122-90ba-04714df78433.png
RED,"TEODOSIC, MILOS",PJDR,SRB,https://media-cdn.incrowdsports.com/ce7511eb-75b9-4f03-9836-56f4a52e971d.png
MIL,"FLACCADORI, DIEGO",P005670,ITA,https://media-cdn.incrowdsports.com/b64d6382-45ba-48e2-a646-3fcfc0f8f056.png
MAD,"GUEYE, SIDI",P012168,SEN,https://media-cdn.incrowdsports.com/bab4cb47-9851-449d-9d82-34c2bb935f1d.png
PRS,"KESSENS, MICHAEL",P003481,GER,https://media-cdn.incrowdsports.com/05a70397-15a1-4468-b5d2-f1c67d00cc03.png
PRS,"SHAHRVIN, ENZO",P012612,FRA,https://media-cdn.incrowdsports.com/46d86356-a47f-44cf-9e39-53abc70560b3.png
MCO,"LOYD, JORDAN",P009754,USA,https://media-cdn.incrowdsports.com/215f2623-efe0-44f4-b8b1-e4d466ae2d19.png
MUN,"YEBO, KEVIN",P013368,GER,https://media-cdn.incrowdsports.com/4887773f-e30b-4bda-bf7a-8b0cb0cdcc49.png
TEL,"LEE, SABEN",P013389,USA,https://media-cdn.incrowdsports.com/5197f288-9abb-47cf-b88e-8d01c81eef5a.png
TEL,"MAYER, OMER",P011433,ISR,https://media-cdn.incrowdsports.com/feecc1a7-e47b-4bcf-9c63-c16fab6740b2.png
IST,"YILMAZ, ERKAN",P006372,TUR,https://media-cdn.incrowdsports.com/84ccbe3c-c11f-4c37-a5f9-6a670120813d.png
ZAL,"MANEK, BRADY",P012715,USA,https://media-cdn.incrowdsports.com/a71d0828-d073-452d-802b-7a82e66b4f1e.png
PAR,"WASHINGTON, DUANE",P013370,USA,https://media-cdn.incrowdsports.com/90073a5c-368e-4b39-adf3-156d99e6816a.png
ASV,"PAUL, MBIYA",P013377,ZAI,https://media-cdn.incrowdsports.com/754614fe-0fdc-46f2-80d1-93f0d24615e2.png
BER,"SAMAR, ZIGA",P007550,SLO,https://media-cdn.incrowdsports.com/e6d862e6-ff89-40d8-905b-915cca7d369c.png
ULK,"MAYS, SKYLAR",P013396,USA,https://media-cdn.incrowdsports.com/e748c35a-1cd4-420f-808a-e772eee5644f.png
PAN,"ANTETOKOUNMPO, KOSTAS",P011221,GRE,https://media-cdn.incrowdsports.com/0bb5b2a2-1e74-4a09-9614-df6c89917382.png
PAN,"SAMODUROV, ALEXANDROS",P011442,GRE,https://media-cdn.incrowdsports.com/ef0df910-9a1a-4acb-8735-b65b71340d8f.png
BAR,"SARR, DAME",P011666,ITA,https://media-cdn.incrowdsports.com/88318192-983d-4efd-9396-8a893e66a95f.png
ASV,"AJINCA, MELVIN",P010316,FRA,https://media-cdn.incrowdsports.com/62fd0b36-381b-4f98-8048-201184353375.png
OLY,"MILUTINOV, NIKOLA",P003941,SRB,https://media-cdn.incrowdsports.com/bda87c73-25f0-44ae-a726-7161d6a42976.png
IST,"ONCEL, RIDVAN",P010400,TUR,https://media-cdn.incrowdsports.com/3df24fa2-a81c-4995-b1a6-5e9499815353.png
RED,"PETRUSEV, FILIP",P011194,SRB,https://media-cdn.incrowdsports.com/7f05aaaf-31e4-47a1-acd2-6347627a537d.png
BER,"NUFER, ANTON",P012100,GER,https://media-cdn.incrowdsports.com/ac4ab376-3a8f-43af-9f37-2c0fa46e7b21.png
BAS,"HRABAR, VIT",P012365,SLO,https://media-cdn.incrowdsports.com/bec0b1e3-4c7a-431d-954e-42ad3c365a1e.png
PAR,"MIKE, ISIAHA",P011836,CAN,https://media-cdn.incrowdsports.com/a1725eef-4b71-489c-ad65-3ace75faaa53.png
VIR,"VISCONTI, RICCARDO",P006273,ITA,https://media-cdn.incrowdsports.com/2a1a6e79-c45c-416a-85a5-11b5c3f0273e.png
BER,"DOERRIES, AMON",P011626,GER,https://media-cdn.incrowdsports.com/f46a0e29-56be-4318-990b-6f1165efafcd.png
BER,"DELOW, MALTE",P008211,GER,https://media-cdn.incrowdsports.com/4402c134-97e3-485e-ac5d-ea9bdb7bba28.png
MIL,"MANNION, NICCOLO",P011064,ITA,https://media-cdn.incrowdsports.com/8e9a611c-a223-4154-975c-4ed970661b11.png
MIL,"SUIGO, LUIGI",P012116,ITA,https://media-cdn.incrowdsports.com/ebca8806-001a-4e91-86aa-bb7a93231f94.png
MAD,"DURU, DECLAN",P012199,GER,https://media-cdn.incrowdsports.com/4db54f92-7e77-4893-a252-e992d9d278c7.png
ZAL,"JUZENAS, MANTAS",P012181,LTU,https://media-cdn.incrowdsports.com/30f7e904-2686-48c7-86e5-129321a39fe1.png
ZAL,"WALKER IV, LONNIE",P013403,USA,https://media-cdn.incrowdsports.com/f7bf9f5b-4c1d-40ed-a995-579552b49864.png
PAN,"MORAITIS, DIMITRIS",P006544,GRE,https://media-cdn.incrowdsports.com/c8dc373e-4fcc-43d5-8e9a-baadc59a7c4e.png
TEL,"GABRIEL, WENYEN",P013383,USA,https://media-cdn.incrowdsports.com/360da801-98c7-4a19-a140-c5eaddf94bfd.png
PAR,"BOSNJAKOVIC, MITAR",P012167,SRB,https://media-cdn.incrowdsports.com/cab6068b-b33e-42b2-b840-e7c10af11df4.png
TEL,"DE JULIUS, DAVID",P013250,USA,https://media-cdn.incrowdsports.com/1422dc69-a041-47f5-b575-2bde670d63e2.png
TEL,"LEE, SABEN",P013389,USA,https://media-cdn.incrowdsports.com/972519fb-7c71-49fc-89bc-f143f1a04f13.png
MUN,"BITIM, ONURALP",P007929,TUR,https://media-cdn.incrowdsports.com/efdb7243-6577-4f34-897d-f8ae4495adf8.png
TEL,"MAYER, OMER",P011433,ISR,https://media-cdn.incrowdsports.com/181e663b-bd1e-48d3-a967-c101f800bffb.png
OLY,"MITROU-LONG, NAZ",P011965,CAN,https://media-cdn.incrowdsports.com/db7b9585-5da8-4fd0-a3bc-078892f897f7.png
BAR,"NETO, RAUL",P013505,ITA,https://media-cdn.incrowdsports.com/0d03d7e3-85f8-4760-815f-553ed6c548bf.png
BER,"MC CORMACK, DAVID",P013386,USA,https://media-cdn.incrowdsports.com/d985044f-d253-4233-9789-930d15ff22e4.png
MIL,"GILLESPIE, FREDDIE",P011941,USA,https://media-cdn.incrowdsports.com/8ea99782-0bb1-42b5-b330-d9b629c19654.png
TEL,"SHAYOK, MARIAL",P011202,CAN,https://media-cdn.incrowdsports.com/db6a9efd-d952-4520-b941-c99adf08eec9.png
BAS,"QUEREJETA, JOSEBA",P010788,ESP,https://media-cdn.incrowdsports.com/f5fa8b8a-d55f-4c76-aeee-474e699b4fa1.png
ULK,"EKSIOGLU, MERT",P008174,TUR,https://media-cdn.incrowdsports.com/eefed70c-97fd-4745-87ef-0d37550e4055.png
BER,"THOMAS, MATT",P008967,USA,https://media-cdn.incrowdsports.com/0ec3beb0-4928-4a15-bd58-8a4e56853847.png
ASV,"ROBERSON, ANDRE",P013405,USA,https://media-cdn.incrowdsports.com/68eba4db-c8c0-4aea-9fa9-5c1801e30108.png
OLY,"MENSAH, NATHAN",P013514,GHA,https://media-cdn.incrowdsports.com/da9b8d13-9f59-4b49-84fa-0eca415d80c2.png
MCO,"CALATHES, NICK",P001932,GRE,https://media-cdn.incrowdsports.com/b3944598-7108-4b0a-a4e7-f8a628b8fbff.png
RED,"BROWN III, JOHN",P010588,USA,https://media-cdn.incrowdsports.com/39deb3d3-4f63-4841-bc63-594dc5139b92.png
TEL,"WILLIAMS, TREVION",P012604,USA,https://media-cdn.incrowdsports.com/c5b78751-dd19-44d1-9806-0837603bde94.png
BAS,"SAMANIC, LUKA",P007579,CRO,https://media-cdn.incrowdsports.com/9a365b43-d9fe-42ea-855b-43bbe08c2dd6.png
ULK,"MCCOLLUM, ERRICK",P005216,USA,https://media-cdn.incrowdsports.com/9acd57ad-cd4d-46f8-84dc-f74275f549c9.png
MIL,"GARAVAGLIA, DIEGO",P012115,ITA,https://media-cdn.incrowdsports.com/6e6d2465-2dec-4571-9629-32cbc363de9d.png
PAN,"GABRIEL, WENYEN",P013383,USA,https://media-cdn.incrowdsports.com/10610be7-c458-49cf-a11e-da2060fb358f.png
TEL,"DeJULIUS, DAVID",P013250,USA,https://media-cdn.incrowdsports.com/1422dc69-a041-47f5-b575-2bde670d63e2.png
IST,"DOZIER JR, PERRY",P012742,USA,https://media-cdn.incrowdsports.com/484125c6-428b-4750-ab55-1878984ed4f5.png
BER,"McCORMACK, DAVID",P013386,USA,https://media-cdn.incrowdsports.com/d985044f-d253-4233-9789-930d15ff22e4.png
MAD,"FERNANDO, BRUNO",P013667,ANG,https://media-cdn.incrowdsports.com/6224d324-34d7-4705-accb-027597bd01de.png
MAD,"SMITH JR, DENNIS",P013666,USA,https://media-cdn.incrowdsports.com/cc3be000-0410-4f9c-a829-e6c8de13f78f.png
ULK,"BANGO, JILSON",P013696,ANG,https://media-cdn.incrowdsports.com/a1c2af65-727f-417b-afa4-2719a0ad9d83.png
PRS,"HOMMES, DAULTON",P011949,USA,https://media-cdn.incrowdsports.com/8fc69f82-4914-4e43-bcf3-501152773ac4.png
PAN,"PLEISS, TIBOR",PLHK,GER,https://media-cdn.incrowdsports.com/34479264-00b5-47ff-bcea-6f3aed97303e.png
