Season,Phase,Gamecode,Round,roundAlias,roundName,played,date,confirmedDate,confirmedHour,localTimeZone,localDate,utcDate,localLast5Form,roadLast5Form,season.name,season.code,season.alias,season.competitionCode,season.year,season.startDate,group.id,group.order,group.name,group.rawName,phaseType.code,phaseType.alias,phaseType.name,phaseType.isGroupPhase,local.club.code,local.club.name,local.club.abbreviatedName,local.club.editorialName,local.club.tvCode,local.club.isVirtual,local.club.images.crest,local.score,local.standingsScore,road.club.code,road.club.name,road.club.abbreviatedName,road.club.editorialName,road.club.tvCode,road.club.isVirtual,road.club.images.crest,road.score,road.standingsScore
2024,RS,1,1,Round 1,Round 1,True,2024-10-03T18:45:00,True,True,2,2024-10-03T18:45:00,2024-10-03T16:45:00Z,['L'],['W'],EuroLeague 2024-25,E2024,2024-25,E,2024,2024-06-29T00:00:00,653ea5d2-0ed0-4edf-9445-176b766c6b7a,1,Group Regular Season,Regular Season,RS,REGULAR SEASON,Regular Season,True,BER,ALBA Berlin,ALBA,,BER,False,https://media-cdn.incrowdsports.com/ccc34858-22b0-47dc-904c-9940b0a16ff3.png,77,77,PAN,Panathinaikos AKTOR Athens,Panathinaikos,,PAO,False,https://media-cdn.incrowdsports.com/e3dff28a-9ec6-4faf-9d96-ecbc68f75780.png,87,87
2024,RS,2,1,Round 1,Round 1,True,2024-10-03T19:00:00,True,True,2,2024-10-03T19:00:00,2024-10-03T17:00:00Z,['W'],['L'],EuroLeague 2024-25,E2024,2024-25,E,2024,2024-06-29T00:00:00,653ea5d2-0ed0-4edf-9445-176b766c6b7a,1,Group Regular Season,Regular Season,RS,REGULAR SEASON,Regular Season,True,MCO,AS Monaco,Monaco,,ASM,False,https://media-cdn.incrowdsports.com/89ed276a-2ba3-413f-8ea2-b3be209ca129.png,93,93,MIL,EA7 Emporio Armani Milan,Milan,,EA7,False,https://media-cdn.incrowdsports.com/8154f184-c61a-4e7f-b14d-9d802e35cb95.png,80,80
2024,RS,3,1,Round 1,Round 1,True,2024-10-03T19:00:00,True,True,3,2024-10-03T20:00:00,2024-10-03T17:00:00Z,['W'],['L'],EuroLeague 2024-25,E2024,2024-25,E,2024,2024-06-29T00:00:00,653ea5d2-0ed0-4edf-9445-176b766c6b7a,1,Group Regular Season,Regular Season,RS,REGULAR SEASON,Regular Season,True,ZAL,Zalgiris Kaunas,Zalgiris,,ZAL,False,https://media-cdn.incrowdsports.com/0aa09358-3847-4c4e-b228-3582ee4e536d.png,74,74,BAR,FC Barcelona,Barcelona,,BAR,False,https://media-cdn.incrowdsports.com/35dfa503-e417-481f-963a-bdf6f013763e.png,67,67
2024,RS,4,1,Round 1,Round 1,True,2024-10-03T20:30:00,True,True,2,2024-10-03T20:30:00,2024-10-03T18:30:00Z,['W'],['L'],EuroLeague 2024-25,E2024,2024-25,E,2024,2024-06-29T00:00:00,653ea5d2-0ed0-4edf-9445-176b766c6b7a,1,Group Regular Season,Regular Season,RS,REGULAR SEASON,Regular Season,True,BAS,Baskonia Vitoria-Gasteiz,Baskonia,,BKN,False,https://media-cdn.incrowdsports.com/e324a6af-2a72-443e-9813-8bf2d364ddab.png,88,88,PAR,Partizan Mozzart Bet Belgrade,Partizan,,PAR,False,https://media-cdn.incrowdsports.com/2681304e-77dd-4331-88b1-683078c0fb49.png,82,82
2024,RS,5,1,Round 1,Round 1,True,2024-10-03T20:45:00,True,True,2,2024-10-03T20:45:00,2024-10-03T18:45:00Z,['W'],['L'],EuroLeague 2024-25,E2024,2024-25,E,2024,2024-06-29T00:00:00,653ea5d2-0ed0-4edf-9445-176b766c6b7a,1,Group Regular Season,Regular Season,RS,REGULAR SEASON,Regular Season,True,MUN,FC Bayern Munich,Bayern,,BAY,False,https://media-cdn.incrowdsports.com/817b0e58-d595-4b09-ab0b-1e7cc26249ff.png,97,97,MAD,Real Madrid,Real,,RMB,False,https://media-cdn.incrowdsports.com/1a3e1404-4f6f-4ede-9d8b-30eee7cb51b4.png,89,89
2024,RS,6,1,Round 1,Round 1,True,2024-10-03T21:00:00,True,True,2,2024-10-03T21:00:00,2024-10-03T19:00:00Z,['W'],['L'],EuroLeague 2024-25,E2024,2024-25,E,2024,2024-06-29T00:00:00,653ea5d2-0ed0-4edf-9445-176b766c6b7a,1,Group Regular Season,Regular Season,RS,REGULAR SEASON,Regular Season,True,TEL,Maccabi Playtika Tel Aviv,Maccabi,,MTA,False,https://media-cdn.incrowdsports.com/5c55ef14-29df-4328-bd52-a7a64c432350.png,89,89,ASV,LDLC ASVEL Villeurbanne,ASVEL,,ASV,False,https://media-cdn.incrowdsports.com/e33c6d1a-95ca-4dbc-b8cb-0201812104cc.png,82,82
2024,RS,7,1,Round 1,Round 1,True,2024-10-04T19:30:00,True,True,3,2024-10-04T20:30:00,2024-10-04T17:30:00Z,['W'],['L'],EuroLeague 2024-25,E2024,2024-25,E,2024,2024-06-29T00:00:00,653ea5d2-0ed0-4edf-9445-176b766c6b7a,1,Group Regular Season,Regular Season,RS,REGULAR SEASON,Regular Season,True,ULK,Fenerbahce Beko Istanbul,Fenerbahce,,FBB,False,https://media-cdn.incrowdsports.com/0233ebbb-f3a2-49ea-837c-7fd3e661e672.png,82,82,OLY,Olympiacos Piraeus,Olympiacos,,OLY,False,https://media-cdn.incrowdsports.com/789423ac-3cdf-4b89-b11c-b458aa5f59a6.png,71,71
2024,RS,8,1,Round 1,Round 1,True,2024-10-04T21:00:00,True,True,2,2024-10-04T21:00:00,2024-10-04T19:00:00Z,['L'],['W'],EuroLeague 2024-25,E2024,2024-25,E,2024,2024-06-29T00:00:00,653ea5d2-0ed0-4edf-9445-176b766c6b7a,1,Group Regular Season,Regular Season,RS,REGULAR SEASON,Regular Season,True,PRS,Paris Basketball,Paris,Paris,PBB,False,https://media-cdn.incrowdsports.com/a033e5b3-0de7-48a3-98d9-d9a4b9df1f39.png,77,77,RED,Crvena Zvezda Meridianbet Belgrade,Crvena Zvezda,,CZV,False,https://media-cdn.incrowdsports.com/d2eef4a8-62df-4fdd-9076-276004268515.png,80,80
2024,RS,9,1,Round 1,Round 1,True,2024-10-04T21:00:00,True,True,2,2024-10-04T21:00:00,2024-10-04T19:00:00Z,['L'],['W'],EuroLeague 2024-25,E2024,2024-25,E,2024,2024-06-29T00:00:00,653ea5d2-0ed0-4edf-9445-176b766c6b7a,1,Group Regular Season,Regular Season,RS,REGULAR SEASON,Regular Season,True,VIR,Virtus Segafredo Bologna,Virtus,,VIR,False,https://media-cdn.incrowdsports.com/4af5e83b-f2b5-4fba-a87c-1f85837a508a.png,67,67,IST,Anadolu Efes Istanbul,Anadolu Efes,Efes,EFS,False,https://media-cdn.incrowdsports.com/8ea8cec7-d8f7-45f4-a956-d976b5867610.png,76,76
2024,RS,10,2,Round 2,Round 2,True,2024-10-09T19:00:00,True,True,2,2024-10-09T19:00:00,2024-10-09T17:00:00Z,"['W', 'W']","['W', 'L']",EuroLeague 2024-25,E2024,2024-25,E,2024,2024-06-29T00:00:00,653ea5d2-0ed0-4edf-9445-176b766c6b7a,1,Group Regular Season,Regular Season,RS,REGULAR SEASON,Regular Season,True,MCO,AS Monaco,Monaco,,ASM,False,https://media-cdn.incrowdsports.com/89ed276a-2ba3-413f-8ea2-b3be209ca129.png,85,85,TEL,Maccabi Playtika Tel Aviv,Maccabi,,MTA,False,https://media-cdn.incrowdsports.com/5c55ef14-29df-4328-bd52-a7a64c432350.png,79,79
2024,RS,11,2,Round 2,Round 2,True,2024-10-09T20:00:00,True,True,2,2024-10-09T20:00:00,2024-10-09T18:00:00Z,"['W', 'W']","['W', 'L']",EuroLeague 2024-25,E2024,2024-25,E,2024,2024-06-29T00:00:00,653ea5d2-0ed0-4edf-9445-176b766c6b7a,1,Group Regular Season,Regular Season,RS,REGULAR SEASON,Regular Season,True,RED,Crvena Zvezda Meridianbet Belgrade,Crvena Zvezda,,CZV,False,https://media-cdn.incrowdsports.com/d2eef4a8-62df-4fdd-9076-276004268515.png,78,78,BAS,Baskonia Vitoria-Gasteiz,Baskonia,,BKN,False,https://media-cdn.incrowdsports.com/e324a6af-2a72-443e-9813-8bf2d364ddab.png,71,71
2024,,12,2,Round 2,Round 2,True,2024-10-10T19:30:00,True,True,3,2024-10-10T20:30:00,2024-10-10T17:30:00Z,"['W', 'L']","['W', 'W']",EuroLeague 2024-25,E2024,2024-25,E,2024,2024-06-29T00:00:00,653ea5d2-0ed0-4edf-9445-176b766c6b7a,1,Group Regular Season,Regular Season,RS,REGULAR SEASON,Regular Season,True,IST,Anadolu Efes Istanbul,Anadolu Efes,Efes,EFS,False,https://media-cdn.incrowdsports.com/8ea8cec7-d8f7-45f4-a956-d976b5867610.png,78,78,ULK,Fenerbahce Beko Istanbul,Fenerbahce,,FBB,False,https://media-cdn.incrowdsports.com/0233ebbb-f3a2-49ea-837c-7fd3e661e672.png,83,83
2024,,13,2,Round 2,Round 2,True,2024-10-10T20:00:00,True,True,2,2024-10-10T20:00:00,2024-10-10T18:00:00Z,"['L', 'W']","['L', 'L']",EuroLeague 2024-25,E2024,2024-25,E,2024,2024-06-29T00:00:00,653ea5d2-0ed0-4edf-9445-176b766c6b7a,1,Group Regular Season,Regular Season,RS,REGULAR SEASON,Regular Season,True,ASV,LDLC ASVEL Villeurbanne,ASVEL,,ASV,False,https://media-cdn.incrowdsports.com/e33c6d1a-95ca-4dbc-b8cb-0201812104cc.png,87,87,VIR,Virtus Segafredo Bologna,Virtus,,VIR,False,https://media-cdn.incrowdsports.com/4af5e83b-f2b5-4fba-a87c-1f85837a508a.png,85,85
2024,,14,2,Round 2,Round 2,True,2024-10-10T20:15:00,True,True,3,2024-10-10T21:15:00,2024-10-10T18:15:00Z,"['W', 'W']","['W', 'L']",EuroLeague 2024-25,E2024,2024-25,E,2024,2024-06-29T00:00:00,653ea5d2-0ed0-4edf-9445-176b766c6b7a,1,Group Regular Season,Regular Season,RS,REGULAR SEASON,Regular Season,True,PAN,Panathinaikos AKTOR Athens,Panathinaikos,,PAO,False,https://media-cdn.incrowdsports.com/e3dff28a-9ec6-4faf-9d96-ecbc68f75780.png,94,94,MUN,FC Bayern Munich,Bayern,,BAY,False,https://media-cdn.incrowdsports.com/817b0e58-d595-4b09-ab0b-1e7cc26249ff.png,79,79
2024,,15,2,Round 2,Round 2,True,2024-10-10T20:45:00,True,True,2,2024-10-10T20:45:00,2024-10-10T18:45:00Z,"['L', 'W']","['L', 'L']",EuroLeague 2024-25,E2024,2024-25,E,2024,2024-06-29T00:00:00,653ea5d2-0ed0-4edf-9445-176b766c6b7a,1,Group Regular Season,Regular Season,RS,REGULAR SEASON,Regular Season,True,MAD,Real Madrid,Real,,RMB,False,https://media-cdn.incrowdsports.com/1a3e1404-4f6f-4ede-9d8b-30eee7cb51b4.png,93,93,PAR,Partizan Mozzart Bet Belgrade,Partizan,,PAR,False,https://media-cdn.incrowdsports.com/2681304e-77dd-4331-88b1-683078c0fb49.png,86,86
2024,,16,2,Round 2,Round 2,True,2024-10-11T20:30:00,True,True,2,2024-10-11T20:30:00,2024-10-11T18:30:00Z,"['L', 'W']","['L', 'L']",EuroLeague 2024-25,E2024,2024-25,E,2024,2024-06-29T00:00:00,653ea5d2-0ed0-4edf-9445-176b766c6b7a,1,Group Regular Season,Regular Season,RS,REGULAR SEASON,Regular Season,True,MIL,EA7 Emporio Armani Milan,Milan,,EA7,False,https://media-cdn.incrowdsports.com/8154f184-c61a-4e7f-b14d-9d802e35cb95.png,79,79,PRS,Paris Basketball,Paris,Paris,PBB,False,https://media-cdn.incrowdsports.com/a033e5b3-0de7-48a3-98d9-d9a4b9df1f39.png,74,74
2024,,17,2,Round 2,Round 2,True,2024-10-11T20:30:00,True,True,2,2024-10-11T20:30:00,2024-10-11T18:30:00Z,"['L', 'W']","['L', 'L']",EuroLeague 2024-25,E2024,2024-25,E,2024,2024-06-29T00:00:00,653ea5d2-0ed0-4edf-9445-176b766c6b7a,1,Group Regular Season,Regular Season,RS,REGULAR SEASON,Regular Season,True,BAR,FC Barcelona,Barcelona,,BAR,False,https://media-cdn.incrowdsports.com/35dfa503-e417-481f-963a-bdf6f013763e.png,88,88,BER,ALBA Berlin,ALBA,,BER,False,https://media-cdn.incrowdsports.com/ccc34858-22b0-47dc-904c-9940b0a16ff3.png,73,73
2024,,18,2,Round 2,Round 2,True,2024-10-11T20:15:00,True,True,3,2024-10-11T21:15:00,2024-10-11T18:15:00Z,"['L', 'W']","['W', 'L']",EuroLeague 2024-25,E2024,2024-25,E,2024,2024-06-29T00:00:00,653ea5d2-0ed0-4edf-9445-176b766c6b7a,1,Group Regular Season,Regular Season,RS,REGULAR SEASON,Regular Season,True,OLY,Olympiacos Piraeus,Olympiacos,,OLY,False,https://media-cdn.incrowdsports.com/789423ac-3cdf-4b89-b11c-b458aa5f59a6.png,74,74,ZAL,Zalgiris Kaunas,Zalgiris,,ZAL,False,https://media-cdn.incrowdsports.com/0aa09358-3847-4c4e-b228-3582ee4e536d.png,68,68
2024,,19,3,Round 3,Round 3,True,2024-10-15T19:30:00,True,True,2,2024-10-15T19:30:00,2024-10-15T17:30:00Z,"['L', 'L', 'W']","['L', 'W', 'L']",EuroLeague 2024-25,E2024,2024-25,E,2024,2024-06-29T00:00:00,653ea5d2-0ed0-4edf-9445-176b766c6b7a,1,Group Regular Season,Regular Season,RS,REGULAR SEASON,Regular Season,True,BER,ALBA Berlin,ALBA,,BER,False,https://media-cdn.incrowdsports.com/ccc34858-22b0-47dc-904c-9940b0a16ff3.png,84,84,ASV,LDLC ASVEL Villeurbanne,ASVEL,,ASV,False,https://media-cdn.incrowdsports.com/e33c6d1a-95ca-4dbc-b8cb-0201812104cc.png,79,79
2024,,20,3,Round 3,Round 3,True,2024-10-15T19:45:00,True,True,3,2024-10-15T20:45:00,2024-10-15T17:45:00Z,"['W', 'W', 'L']","['W', 'W', 'W']",EuroLeague 2024-25,E2024,2024-25,E,2024,2024-06-29T00:00:00,653ea5d2-0ed0-4edf-9445-176b766c6b7a,1,Group Regular Season,Regular Season,RS,REGULAR SEASON,Regular Season,True,ULK,Fenerbahce Beko Istanbul,Fenerbahce,,FBB,False,https://media-cdn.incrowdsports.com/0233ebbb-f3a2-49ea-837c-7fd3e661e672.png,57,57,RED,Crvena Zvezda Meridianbet Belgrade,Crvena Zvezda,,CZV,False,https://media-cdn.incrowdsports.com/d2eef4a8-62df-4fdd-9076-276004268515.png,76,76
2024,,21,3,Round 3,Round 3,True,2024-10-15T20:15:00,True,True,3,2024-10-15T21:15:00,2024-10-15T18:15:00Z,"['L', 'W', 'W']","['L', 'W', 'L']",EuroLeague 2024-25,E2024,2024-25,E,2024,2024-06-29T00:00:00,653ea5d2-0ed0-4edf-9445-176b766c6b7a,1,Group Regular Season,Regular Season,RS,REGULAR SEASON,Regular Season,True,OLY,Olympiacos Piraeus,Olympiacos,,OLY,False,https://media-cdn.incrowdsports.com/789423ac-3cdf-4b89-b11c-b458aa5f59a6.png,89,89,MIL,EA7 Emporio Armani Milan,Milan,,EA7,False,https://media-cdn.incrowdsports.com/8154f184-c61a-4e7f-b14d-9d802e35cb95.png,68,68
2024,,22,3,Round 3,Round 3,True,2024-10-15T20:30:00,True,True,2,2024-10-15T20:30:00,2024-10-15T18:30:00Z,"['W', 'L', 'W']","['L', 'W', 'L']",EuroLeague 2024-25,E2024,2024-25,E,2024,2024-06-29T00:00:00,653ea5d2-0ed0-4edf-9445-176b766c6b7a,1,Group Regular Season,Regular Season,RS,REGULAR SEASON,Regular Season,True,BAS,Baskonia Vitoria-Gasteiz,Baskonia,,BKN,False,https://media-cdn.incrowdsports.com/e324a6af-2a72-443e-9813-8bf2d364ddab.png,76,76,MAD,Real Madrid,Real,,RMB,False,https://media-cdn.incrowdsports.com/1a3e1404-4f6f-4ede-9d8b-30eee7cb51b4.png,72,72
2024,,23,3,Round 3,Round 3,True,2024-10-15T20:30:00,True,True,2,2024-10-15T20:30:00,2024-10-15T18:30:00Z,"['L', 'L', 'W']","['W', 'W', 'L']",EuroLeague 2024-25,E2024,2024-25,E,2024,2024-06-29T00:00:00,653ea5d2-0ed0-4edf-9445-176b766c6b7a,1,Group Regular Season,Regular Season,RS,REGULAR SEASON,Regular Season,True,PRS,Paris Basketball,Paris,Paris,PBB,False,https://media-cdn.incrowdsports.com/a033e5b3-0de7-48a3-98d9-d9a4b9df1f39.png,84,84,PAN,Panathinaikos AKTOR Athens,Panathinaikos,,PAO,False,https://media-cdn.incrowdsports.com/e3dff28a-9ec6-4faf-9d96-ecbc68f75780.png,80,80
2024,,24,3,Round 3,Round 3,True,2024-10-15T20:30:00,True,True,2,2024-10-15T20:30:00,2024-10-15T18:30:00Z,"['L', 'L', 'L']","['W', 'L', 'W']",EuroLeague 2024-25,E2024,2024-25,E,2024,2024-06-29T00:00:00,653ea5d2-0ed0-4edf-9445-176b766c6b7a,1,Group Regular Season,Regular Season,RS,REGULAR SEASON,Regular Season,True,VIR,Virtus Segafredo Bologna,Virtus,,VIR,False,https://media-cdn.incrowdsports.com/4af5e83b-f2b5-4fba-a87c-1f85837a508a.png,68,68,ZAL,Zalgiris Kaunas,Zalgiris,,ZAL,False,https://media-cdn.incrowdsports.com/0aa09358-3847-4c4e-b228-3582ee4e536d.png,71,71
2024,,26,3,Round 3,Round 3,True,2024-10-15T20:45:00,True,True,2,2024-10-15T20:45:00,2024-10-15T18:45:00Z,"['L', 'L', 'W']","['W', 'L', 'L']",EuroLeague 2024-25,E2024,2024-25,E,2024,2024-06-29T00:00:00,653ea5d2-0ed0-4edf-9445-176b766c6b7a,1,Group Regular Season,Regular Season,RS,REGULAR SEASON,Regular Season,True,PAR,Partizan Mozzart Bet Belgrade,Partizan,,PAR,False,https://media-cdn.incrowdsports.com/2681304e-77dd-4331-88b1-683078c0fb49.png,86,86,MUN,FC Bayern Munich,Bayern,,BAY,False,https://media-cdn.incrowdsports.com/817b0e58-d595-4b09-ab0b-1e7cc26249ff.png,78,78
2024,,27,3,Round 3,Round 3,True,2024-10-15T20:05:00,True,True,2,2024-10-15T20:05:00,2024-10-15T18:05:00Z,"['W', 'L', 'W']","['W', 'L', 'L']",EuroLeague 2024-25,E2024,2024-25,E,2024,2024-06-29T00:00:00,653ea5d2-0ed0-4edf-9445-176b766c6b7a,1,Group Regular Season,Regular Season,RS,REGULAR SEASON,Regular Season,True,TEL,Maccabi Playtika Tel Aviv,Maccabi,,MTA,False,https://media-cdn.incrowdsports.com/5c55ef14-29df-4328-bd52-a7a64c432350.png,93,93,IST,Anadolu Efes Istanbul,Anadolu Efes,Efes,EFS,False,https://media-cdn.incrowdsports.com/8ea8cec7-d8f7-45f4-a956-d976b5867610.png,91,91
2024,,25,3,Round 3,Round 3,True,2024-10-16T20:30:00,True,True,2,2024-10-16T20:30:00,2024-10-16T18:30:00Z,"['L', 'W', 'W']","['W', 'W', 'L']",EuroLeague 2024-25,E2024,2024-25,E,2024,2024-06-29T00:00:00,653ea5d2-0ed0-4edf-9445-176b766c6b7a,1,Group Regular Season,Regular Season,RS,REGULAR SEASON,Regular Season,True,BAR,FC Barcelona,Barcelona,,BAR,False,https://media-cdn.incrowdsports.com/35dfa503-e417-481f-963a-bdf6f013763e.png,86,86,MCO,AS Monaco,Monaco,,ASM,False,https://media-cdn.incrowdsports.com/89ed276a-2ba3-413f-8ea2-b3be209ca129.png,71,71
2024,,28,4,Round 4,Round 4,True,2024-10-17T19:30:00,True,True,2,2024-10-17T19:30:00,2024-10-17T17:30:00Z,"['L', 'L', 'W', 'L']","['W', 'W', 'L', 'W']",EuroLeague 2024-25,E2024,2024-25,E,2024,2024-06-29T00:00:00,653ea5d2-0ed0-4edf-9445-176b766c6b7a,1,Group Regular Season,Regular Season,RS,REGULAR SEASON,Regular Season,True,BER,ALBA Berlin,ALBA,,BER,False,https://media-cdn.incrowdsports.com/ccc34858-22b0-47dc-904c-9940b0a16ff3.png,71,71,ULK,Fenerbahce Beko Istanbul,Fenerbahce,,FBB,False,https://media-cdn.incrowdsports.com/0233ebbb-f3a2-49ea-837c-7fd3e661e672.png,78,78
2024,,29,4,Round 4,Round 4,True,2024-10-17T20:30:00,True,True,2,2024-10-17T20:30:00,2024-10-17T18:30:00Z,"['L', 'W', 'L', 'L']","['W', 'L', 'W', 'W']",EuroLeague 2024-25,E2024,2024-25,E,2024,2024-06-29T00:00:00,653ea5d2-0ed0-4edf-9445-176b766c6b7a,1,Group Regular Season,Regular Season,RS,REGULAR SEASON,Regular Season,True,MIL,EA7 Emporio Armani Milan,Milan,,EA7,False,https://media-cdn.incrowdsports.com/8154f184-c61a-4e7f-b14d-9d802e35cb95.png,82,82,ZAL,Zalgiris Kaunas,Zalgiris,,ZAL,False,https://media-cdn.incrowdsports.com/0aa09358-3847-4c4e-b228-3582ee4e536d.png,85,85
2024,,30,4,Round 4,Round 4,True,2024-10-17T20:45:00,True,True,2,2024-10-17T20:45:00,2024-10-17T18:45:00Z,"['W', 'L', 'L', 'W']","['L', 'L', 'W', 'L']",EuroLeague 2024-25,E2024,2024-25,E,2024,2024-06-29T00:00:00,653ea5d2-0ed0-4edf-9445-176b766c6b7a,1,Group Regular Season,Regular Season,RS,REGULAR SEASON,Regular Season,True,MUN,FC Bayern Munich,Bayern,,BAY,False,https://media-cdn.incrowdsports.com/817b0e58-d595-4b09-ab0b-1e7cc26249ff.png,109,109,PRS,Paris Basketball,Paris,Paris,PBB,False,https://media-cdn.incrowdsports.com/a033e5b3-0de7-48a3-98d9-d9a4b9df1f39.png,107,107
2024,,31,4,Round 4,Round 4,True,2024-10-17T20:45:00,True,True,2,2024-10-17T20:45:00,2024-10-17T18:45:00Z,"['L', 'W', 'L', 'W']","['W', 'W', 'L', 'L']",EuroLeague 2024-25,E2024,2024-25,E,2024,2024-06-29T00:00:00,653ea5d2-0ed0-4edf-9445-176b766c6b7a,1,Group Regular Season,Regular Season,RS,REGULAR SEASON,Regular Season,True,MAD,Real Madrid,Real,,RMB,False,https://media-cdn.incrowdsports.com/1a3e1404-4f6f-4ede-9d8b-30eee7cb51b4.png,90,90,PAN,Panathinaikos AKTOR Athens,Panathinaikos,,PAO,False,https://media-cdn.incrowdsports.com/e3dff28a-9ec6-4faf-9d96-ecbc68f75780.png,86,86
2024,,32,4,Round 4,Round 4,True,2024-10-17T20:05:00,True,True,2,2024-10-17T20:05:00,2024-10-17T18:05:00Z,"['W', 'L', 'W', 'L']","['L', 'L', 'W', 'W']",EuroLeague 2024-25,E2024,2024-25,E,2024,2024-06-29T00:00:00,653ea5d2-0ed0-4edf-9445-176b766c6b7a,1,Group Regular Season,Regular Season,RS,REGULAR SEASON,Regular Season,True,TEL,Maccabi Playtika Tel Aviv,Maccabi,,MTA,False,https://media-cdn.incrowdsports.com/5c55ef14-29df-4328-bd52-a7a64c432350.png,79,79,PAR,Partizan Mozzart Bet Belgrade,Partizan,,PAR,False,https://media-cdn.incrowdsports.com/2681304e-77dd-4331-88b1-683078c0fb49.png,91,91
2024,,33,4,Round 4,Round 4,True,2024-10-18T19:00:00,True,True,2,2024-10-18T19:00:00,2024-10-18T17:00:00Z,"['W', 'W', 'L', 'W']","['L', 'L', 'L', 'L']",EuroLeague 2024-25,E2024,2024-25,E,2024,2024-06-29T00:00:00,653ea5d2-0ed0-4edf-9445-176b766c6b7a,1,Group Regular Season,Regular Season,RS,REGULAR SEASON,Regular Season,True,MCO,AS Monaco,Monaco,,ASM,False,https://media-cdn.incrowdsports.com/89ed276a-2ba3-413f-8ea2-b3be209ca129.png,101,101,VIR,Virtus Segafredo Bologna,Virtus,,VIR,False,https://media-cdn.incrowdsports.com/4af5e83b-f2b5-4fba-a87c-1f85837a508a.png,85,85
2024,,34,4,Round 4,Round 4,True,2024-10-18T19:30:00,True,True,3,2024-10-18T20:30:00,2024-10-18T17:30:00Z,"['W', 'L', 'L', 'W']","['L', 'W', 'W', 'L']",EuroLeague 2024-25,E2024,2024-25,E,2024,2024-06-29T00:00:00,653ea5d2-0ed0-4edf-9445-176b766c6b7a,1,Group Regular Season,Regular Season,RS,REGULAR SEASON,Regular Season,True,IST,Anadolu Efes Istanbul,Anadolu Efes,Efes,EFS,False,https://media-cdn.incrowdsports.com/8ea8cec7-d8f7-45f4-a956-d976b5867610.png,91,91,OLY,Olympiacos Piraeus,Olympiacos,,OLY,False,https://media-cdn.incrowdsports.com/789423ac-3cdf-4b89-b11c-b458aa5f59a6.png,89,89
2024,,35,4,Round 4,Round 4,True,2024-10-18T20:00:00,True,True,2,2024-10-18T20:00:00,2024-10-18T18:00:00Z,"['W', 'W', 'W', 'L']","['L', 'W', 'W', 'W']",EuroLeague 2024-25,E2024,2024-25,E,2024,2024-06-29T00:00:00,653ea5d2-0ed0-4edf-9445-176b766c6b7a,1,Group Regular Season,Regular Season,RS,REGULAR SEASON,Regular Season,True,RED,Crvena Zvezda Meridianbet Belgrade,Crvena Zvezda,,CZV,False,https://media-cdn.incrowdsports.com/d2eef4a8-62df-4fdd-9076-276004268515.png,94,84,BAR,FC Barcelona,Barcelona,,BAR,False,https://media-cdn.incrowdsports.com/35dfa503-e417-481f-963a-bdf6f013763e.png,98,84
2024,,36,4,Round 4,Round 4,True,2024-10-18T20:30:00,True,True,2,2024-10-18T20:30:00,2024-10-18T18:30:00Z,"['L', 'W', 'L', 'W']","['W', 'L', 'W', 'L']",EuroLeague 2024-25,E2024,2024-25,E,2024,2024-06-29T00:00:00,653ea5d2-0ed0-4edf-9445-176b766c6b7a,1,Group Regular Season,Regular Season,RS,REGULAR SEASON,Regular Season,True,ASV,LDLC ASVEL Villeurbanne,ASVEL,,ASV,False,https://media-cdn.incrowdsports.com/e33c6d1a-95ca-4dbc-b8cb-0201812104cc.png,76,76,BAS,Baskonia Vitoria-Gasteiz,Baskonia,,BKN,False,https://media-cdn.incrowdsports.com/e324a6af-2a72-443e-9813-8bf2d364ddab.png,69,69
2024,,37,5,Round 5,Round 5,True,2024-10-23T20:30:00,True,True,2,2024-10-23T20:30:00,2024-10-23T18:30:00Z,"['L', 'L', 'W', 'W', 'L']","['L', 'L', 'L', 'L', 'W']",EuroLeague 2024-25,E2024,2024-25,E,2024,2024-06-29T00:00:00,653ea5d2-0ed0-4edf-9445-176b766c6b7a,1,Group Regular Season,Regular Season,RS,REGULAR SEASON,Regular Season,True,PAR,Partizan Mozzart Bet Belgrade,Partizan,,PAR,False,https://media-cdn.incrowdsports.com/2681304e-77dd-4331-88b1-683078c0fb49.png,69,69,VIR,Virtus Segafredo Bologna,Virtus,,VIR,False,https://media-cdn.incrowdsports.com/4af5e83b-f2b5-4fba-a87c-1f85837a508a.png,70,70
2024,,39,5,Round 5,Round 5,True,2024-10-24T19:00:00,True,True,3,2024-10-24T20:00:00,2024-10-24T17:00:00Z,"['W', 'L', 'W', 'W', 'W']","['W', 'L', 'W', 'L', 'L']",EuroLeague 2024-25,E2024,2024-25,E,2024,2024-06-29T00:00:00,653ea5d2-0ed0-4edf-9445-176b766c6b7a,1,Group Regular Season,Regular Season,RS,REGULAR SEASON,Regular Season,True,ZAL,Zalgiris Kaunas,Zalgiris,,ZAL,False,https://media-cdn.incrowdsports.com/0aa09358-3847-4c4e-b228-3582ee4e536d.png,78,78,TEL,Maccabi Playtika Tel Aviv,Maccabi,,MTA,False,https://media-cdn.incrowdsports.com/5c55ef14-29df-4328-bd52-a7a64c432350.png,63,63
2024,,38,5,Round 5,Round 5,True,2024-10-24T19:00:00,True,True,2,2024-10-24T19:00:00,2024-10-24T17:00:00Z,"['W', 'W', 'L', 'W', 'L']","['L', 'L', 'W', 'L', 'W']",EuroLeague 2024-25,E2024,2024-25,E,2024,2024-06-29T00:00:00,653ea5d2-0ed0-4edf-9445-176b766c6b7a,1,Group Regular Season,Regular Season,RS,REGULAR SEASON,Regular Season,True,MCO,AS Monaco,Monaco,,ASM,False,https://media-cdn.incrowdsports.com/89ed276a-2ba3-413f-8ea2-b3be209ca129.png,80,80,PRS,Paris Basketball,Paris,Paris,PBB,False,https://media-cdn.incrowdsports.com/a033e5b3-0de7-48a3-98d9-d9a4b9df1f39.png,87,87
2024,,40,5,Round 5,Round 5,True,2024-10-24T20:30:00,True,True,2,2024-10-24T20:30:00,2024-10-24T18:30:00Z,"['L', 'W', 'L', 'L', 'L']","['W', 'L', 'L', 'W', 'W']",EuroLeague 2024-25,E2024,2024-25,E,2024,2024-06-29T00:00:00,653ea5d2-0ed0-4edf-9445-176b766c6b7a,1,Group Regular Season,Regular Season,RS,REGULAR SEASON,Regular Season,True,MIL,EA7 Emporio Armani Milan,Milan,,EA7,False,https://media-cdn.incrowdsports.com/8154f184-c61a-4e7f-b14d-9d802e35cb95.png,84,84,IST,Anadolu Efes Istanbul,Anadolu Efes,Efes,EFS,False,https://media-cdn.incrowdsports.com/8ea8cec7-d8f7-45f4-a956-d976b5867610.png,96,96
2024,,41,5,Round 5,Round 5,True,2024-10-24T20:30:00,True,True,2,2024-10-24T20:30:00,2024-10-24T18:30:00Z,"['W', 'L', 'W', 'L', 'W']","['L', 'L', 'W', 'L', 'L']",EuroLeague 2024-25,E2024,2024-25,E,2024,2024-06-29T00:00:00,653ea5d2-0ed0-4edf-9445-176b766c6b7a,1,Group Regular Season,Regular Season,RS,REGULAR SEASON,Regular Season,True,BAS,Baskonia Vitoria-Gasteiz,Baskonia,,BKN,False,https://media-cdn.incrowdsports.com/e324a6af-2a72-443e-9813-8bf2d364ddab.png,80,80,BER,ALBA Berlin,ALBA,,BER,False,https://media-cdn.incrowdsports.com/ccc34858-22b0-47dc-904c-9940b0a16ff3.png,57,57
2024,,42,5,Round 5,Round 5,True,2024-10-24T20:45:00,True,True,2,2024-10-24T20:45:00,2024-10-24T18:45:00Z,"['L', 'W', 'L', 'W', 'W']","['W', 'W', 'W', 'L', 'L']",EuroLeague 2024-25,E2024,2024-25,E,2024,2024-06-29T00:00:00,653ea5d2-0ed0-4edf-9445-176b766c6b7a,1,Group Regular Season,Regular Season,RS,REGULAR SEASON,Regular Season,True,MAD,Real Madrid,Real,,RMB,False,https://media-cdn.incrowdsports.com/1a3e1404-4f6f-4ede-9d8b-30eee7cb51b4.png,95,95,RED,Crvena Zvezda Meridianbet Belgrade,Crvena Zvezda,,CZV,False,https://media-cdn.incrowdsports.com/d2eef4a8-62df-4fdd-9076-276004268515.png,72,72
2024,,43,5,Round 5,Round 5,True,2024-10-25T19:45:00,True,True,3,2024-10-25T20:45:00,2024-10-25T17:45:00Z,"['W', 'W', 'L', 'W', 'L']","['W', 'W', 'L', 'L', 'W']",EuroLeague 2024-25,E2024,2024-25,E,2024,2024-06-29T00:00:00,653ea5d2-0ed0-4edf-9445-176b766c6b7a,1,Group Regular Season,Regular Season,RS,REGULAR SEASON,Regular Season,True,ULK,Fenerbahce Beko Istanbul,Fenerbahce,,FBB,False,https://media-cdn.incrowdsports.com/0233ebbb-f3a2-49ea-837c-7fd3e661e672.png,76,76,PAN,Panathinaikos AKTOR Athens,Panathinaikos,,PAO,False,https://media-cdn.incrowdsports.com/e3dff28a-9ec6-4faf-9d96-ecbc68f75780.png,81,81
2024,,44,5,Round 5,Round 5,True,2024-10-25T20:30:00,True,True,2,2024-10-25T20:30:00,2024-10-25T18:30:00Z,"['L', 'W', 'W', 'W', 'W']","['L', 'W', 'L', 'W', 'L']",EuroLeague 2024-25,E2024,2024-25,E,2024,2024-06-29T00:00:00,653ea5d2-0ed0-4edf-9445-176b766c6b7a,1,Group Regular Season,Regular Season,RS,REGULAR SEASON,Regular Season,True,BAR,FC Barcelona,Barcelona,,BAR,False,https://media-cdn.incrowdsports.com/35dfa503-e417-481f-963a-bdf6f013763e.png,90,90,ASV,LDLC ASVEL Villeurbanne,ASVEL,,ASV,False,https://media-cdn.incrowdsports.com/e33c6d1a-95ca-4dbc-b8cb-0201812104cc.png,83,83
2024,,45,5,Round 5,Round 5,True,2024-10-25T20:45:00,True,True,2,2024-10-25T20:45:00,2024-10-25T18:45:00Z,"['W', 'L', 'L', 'W', 'W']","['L', 'W', 'W', 'L', 'L']",EuroLeague 2024-25,E2024,2024-25,E,2024,2024-06-29T00:00:00,653ea5d2-0ed0-4edf-9445-176b766c6b7a,1,Group Regular Season,Regular Season,RS,REGULAR SEASON,Regular Season,True,MUN,FC Bayern Munich,Bayern,,BAY,False,https://media-cdn.incrowdsports.com/817b0e58-d595-4b09-ab0b-1e7cc26249ff.png,84,84,OLY,Olympiacos Piraeus,Olympiacos,,OLY,False,https://media-cdn.incrowdsports.com/789423ac-3cdf-4b89-b11c-b458aa5f59a6.png,80,80
2024,,46,6,Round 6,Round 6,True,2024-10-29T18:30:00,True,True,3,2024-10-29T20:30:00,2024-10-29T17:30:00Z,"['L', 'L', 'W', 'W', 'L']","['W', 'W', 'W', 'W', 'W']",EuroLeague 2024-25,E2024,2024-25,E,2024,2024-06-29T00:00:00,653ea5d2-0ed0-4edf-9445-176b766c6b7a,1,Group Regular Season,Regular Season,RS,REGULAR SEASON,Regular Season,True,IST,Anadolu Efes Istanbul,Anadolu Efes,Efes,EFS,False,https://media-cdn.incrowdsports.com/8ea8cec7-d8f7-45f4-a956-d976b5867610.png,88,88,BAR,FC Barcelona,Barcelona,,BAR,False,https://media-cdn.incrowdsports.com/35dfa503-e417-481f-963a-bdf6f013763e.png,97,97
2024,,47,6,Round 6,Round 6,True,2024-10-29T19:30:00,True,True,2,2024-10-29T20:30:00,2024-10-29T18:30:00Z,"['W', 'L', 'W', 'L', 'W']","['L', 'W', 'L', 'L', 'L']",EuroLeague 2024-25,E2024,2024-25,E,2024,2024-06-29T00:00:00,653ea5d2-0ed0-4edf-9445-176b766c6b7a,1,Group Regular Season,Regular Season,RS,REGULAR SEASON,Regular Season,True,ULK,Fenerbahce Beko Istanbul,Fenerbahce,,FBB,False,https://media-cdn.incrowdsports.com/0233ebbb-f3a2-49ea-837c-7fd3e661e672.png,84,84,TEL,Maccabi Playtika Tel Aviv,Maccabi,,MTA,False,https://media-cdn.incrowdsports.com/5c55ef14-29df-4328-bd52-a7a64c432350.png,82,82
2024,,49,6,Round 6,Round 6,True,2024-10-29T19:30:00,True,True,2,2024-10-29T20:30:00,2024-10-29T18:30:00Z,"['L', 'W', 'L', 'L', 'L']","['L', 'W', 'L', 'W', 'W']",EuroLeague 2024-25,E2024,2024-25,E,2024,2024-06-29T00:00:00,653ea5d2-0ed0-4edf-9445-176b766c6b7a,1,Group Regular Season,Regular Season,RS,REGULAR SEASON,Regular Season,True,BER,ALBA Berlin,ALBA,,BER,False,https://media-cdn.incrowdsports.com/ccc34858-22b0-47dc-904c-9940b0a16ff3.png,83,83,PRS,Paris Basketball,Paris,Paris,PBB,False,https://media-cdn.incrowdsports.com/a033e5b3-0de7-48a3-98d9-d9a4b9df1f39.png,92,92
2024,,50,6,Round 6,Round 6,True,2024-10-29T20:15:00,True,True,2,2024-10-29T21:15:00,2024-10-29T19:15:00Z,"['W', 'W', 'L', 'L', 'W']","['W', 'L', 'W', 'W', 'L']",EuroLeague 2024-25,E2024,2024-25,E,2024,2024-06-29T00:00:00,653ea5d2-0ed0-4edf-9445-176b766c6b7a,1,Group Regular Season,Regular Season,RS,REGULAR SEASON,Regular Season,True,OLY,Olympiacos Piraeus,Olympiacos,,OLY,False,https://media-cdn.incrowdsports.com/789423ac-3cdf-4b89-b11c-b458aa5f59a6.png,79,79,MAD,Real Madrid,Real,,RMB,False,https://media-cdn.incrowdsports.com/1a3e1404-4f6f-4ede-9d8b-30eee7cb51b4.png,69,69
2024,,52,6,Round 6,Round 6,True,2024-10-29T20:30:00,True,True,2,2024-10-29T21:30:00,2024-10-29T19:30:00Z,"['L', 'W', 'L', 'W', 'W']","['W', 'L', 'L', 'L', 'L']",EuroLeague 2024-25,E2024,2024-25,E,2024,2024-06-29T00:00:00,653ea5d2-0ed0-4edf-9445-176b766c6b7a,1,Group Regular Season,Regular Season,RS,REGULAR SEASON,Regular Season,True,BAS,Baskonia Vitoria-Gasteiz,Baskonia,,BKN,False,https://media-cdn.incrowdsports.com/e324a6af-2a72-443e-9813-8bf2d364ddab.png,88,88,MIL,EA7 Emporio Armani Milan,Milan,,EA7,False,https://media-cdn.incrowdsports.com/8154f184-c61a-4e7f-b14d-9d802e35cb95.png,83,83
2024,,54,6,Round 6,Round 6,True,2024-10-29T21:00:00,True,True,1,2024-10-29T21:00:00,2024-10-29T20:00:00Z,"['L', 'L', 'L', 'W', 'L']","['L', 'L', 'W', 'W', 'W']",EuroLeague 2024-25,E2024,2024-25,E,2024,2024-06-29T00:00:00,653ea5d2-0ed0-4edf-9445-176b766c6b7a,1,Group Regular Season,Regular Season,RS,REGULAR SEASON,Regular Season,True,VIR,Virtus Segafredo Bologna,Virtus,,VIR,False,https://media-cdn.incrowdsports.com/4af5e83b-f2b5-4fba-a87c-1f85837a508a.png,84,84,MUN,FC Bayern Munich,Bayern,,BAY,False,https://media-cdn.incrowdsports.com/817b0e58-d595-4b09-ab0b-1e7cc26249ff.png,87,87
2024,,48,6,Round 6,Round 6,True,2024-10-30T19:00:00,True,True,2,2024-10-30T20:00:00,2024-10-30T18:00:00Z,"['L', 'W', 'W', 'W', 'W']","['W', 'W', 'L', 'L', 'L']",EuroLeague 2024-25,E2024,2024-25,E,2024,2024-06-29T00:00:00,653ea5d2-0ed0-4edf-9445-176b766c6b7a,1,Group Regular Season,Regular Season,RS,REGULAR SEASON,Regular Season,True,ZAL,Zalgiris Kaunas,Zalgiris,,ZAL,False,https://media-cdn.incrowdsports.com/0aa09358-3847-4c4e-b228-3582ee4e536d.png,86,86,RED,Crvena Zvezda Meridianbet Belgrade,Crvena Zvezda,,CZV,False,https://media-cdn.incrowdsports.com/d2eef4a8-62df-4fdd-9076-276004268515.png,84,84
2024,,51,6,Round 6,Round 6,True,2024-10-30T20:15:00,True,True,2,2024-10-30T21:15:00,2024-10-30T19:15:00Z,"['W', 'L', 'L', 'W', 'W']","['W', 'L', 'W', 'L', 'L']",EuroLeague 2024-25,E2024,2024-25,E,2024,2024-06-29T00:00:00,653ea5d2-0ed0-4edf-9445-176b766c6b7a,1,Group Regular Season,Regular Season,RS,REGULAR SEASON,Regular Season,True,PAN,Panathinaikos AKTOR Athens,Panathinaikos,,PAO,False,https://media-cdn.incrowdsports.com/e3dff28a-9ec6-4faf-9d96-ecbc68f75780.png,92,92,ASV,LDLC ASVEL Villeurbanne,ASVEL,,ASV,False,https://media-cdn.incrowdsports.com/e33c6d1a-95ca-4dbc-b8cb-0201812104cc.png,68,68
2024,,53,6,Round 6,Round 6,True,2024-10-30T20:45:00,True,True,2,2024-10-30T21:45:00,2024-10-30T19:45:00Z,"['L', 'W', 'W', 'L', 'L']","['W', 'L', 'W', 'L', 'W']",EuroLeague 2024-25,E2024,2024-25,E,2024,2024-06-29T00:00:00,653ea5d2-0ed0-4edf-9445-176b766c6b7a,1,Group Regular Season,Regular Season,RS,REGULAR SEASON,Regular Season,True,PAR,Partizan Mozzart Bet Belgrade,Partizan,,PAR,False,https://media-cdn.incrowdsports.com/2681304e-77dd-4331-88b1-683078c0fb49.png,74,74,MCO,AS Monaco,Monaco,,ASM,False,https://media-cdn.incrowdsports.com/89ed276a-2ba3-413f-8ea2-b3be209ca129.png,79,79
2024,,55,7,Round 7,Round 7,True,2024-10-31T20:00:00,True,True,1,2024-10-31T20:00:00,2024-10-31T19:00:00Z,"['W', 'L', 'L', 'L', 'L']","['L', 'W', 'W', 'L', 'W']",EuroLeague 2024-25,E2024,2024-25,E,2024,2024-06-29T00:00:00,653ea5d2-0ed0-4edf-9445-176b766c6b7a,1,Group Regular Season,Regular Season,RS,REGULAR SEASON,Regular Season,True,BER,ALBA Berlin,ALBA,,BER,False,https://media-cdn.incrowdsports.com/ccc34858-22b0-47dc-904c-9940b0a16ff3.png,70,70,IST,Anadolu Efes Istanbul,Anadolu Efes,Efes,EFS,False,https://media-cdn.incrowdsports.com/8ea8cec7-d8f7-45f4-a956-d976b5867610.png,86,86
2024,,56,7,Round 7,Round 7,True,2024-10-31T20:15:00,True,True,2,2024-10-31T21:15:00,2024-10-31T19:15:00Z,"['W', 'L', 'L', 'W', 'W']","['W', 'W', 'W', 'W', 'L']",EuroLeague 2024-25,E2024,2024-25,E,2024,2024-06-29T00:00:00,653ea5d2-0ed0-4edf-9445-176b766c6b7a,1,Group Regular Season,Regular Season,RS,REGULAR SEASON,Regular Season,True,OLY,Olympiacos Piraeus,Olympiacos,,OLY,False,https://media-cdn.incrowdsports.com/789423ac-3cdf-4b89-b11c-b458aa5f59a6.png,95,95,BAR,FC Barcelona,Barcelona,,BAR,False,https://media-cdn.incrowdsports.com/35dfa503-e417-481f-963a-bdf6f013763e.png,74,74
2024,,57,7,Round 7,Round 7,True,2024-10-31T20:30:00,True,True,1,2024-10-31T20:30:00,2024-10-31T19:30:00Z,"['L', 'L', 'L', 'L', 'W']","['L', 'L', 'W', 'L', 'L']",EuroLeague 2024-25,E2024,2024-25,E,2024,2024-06-29T00:00:00,653ea5d2-0ed0-4edf-9445-176b766c6b7a,1,Group Regular Season,Regular Season,RS,REGULAR SEASON,Regular Season,True,MIL,EA7 Emporio Armani Milan,Milan,,EA7,False,https://media-cdn.incrowdsports.com/8154f184-c61a-4e7f-b14d-9d802e35cb95.png,99,99,VIR,Virtus Segafredo Bologna,Virtus,,VIR,False,https://media-cdn.incrowdsports.com/4af5e83b-f2b5-4fba-a87c-1f85837a508a.png,90,90
2024,,58,7,Round 7,Round 7,True,2024-10-31T20:05:00,True,True,1,2024-10-31T20:05:00,2024-10-31T19:05:00Z,"['W', 'L', 'L', 'L', 'W']","['L', 'W', 'W', 'L', 'L']",EuroLeague 2024-25,E2024,2024-25,E,2024,2024-06-29T00:00:00,653ea5d2-0ed0-4edf-9445-176b766c6b7a,1,Group Regular Season,Regular Season,RS,REGULAR SEASON,Regular Season,True,TEL,Maccabi Playtika Tel Aviv,Maccabi,,MTA,False,https://media-cdn.incrowdsports.com/5c55ef14-29df-4328-bd52-a7a64c432350.png,79,79,MAD,Real Madrid,Real,,RMB,False,https://media-cdn.incrowdsports.com/1a3e1404-4f6f-4ede-9d8b-30eee7cb51b4.png,78,78
2024,,59,7,Round 7,Round 7,True,2024-11-01T18:45:00,True,True,3,2024-11-01T20:45:00,2024-11-01T17:45:00Z,"['L', 'W', 'L', 'W', 'W']","['W', 'W', 'L', 'L', 'L']",EuroLeague 2024-25,E2024,2024-25,E,2024,2024-06-29T00:00:00,653ea5d2-0ed0-4edf-9445-176b766c6b7a,1,Group Regular Season,Regular Season,RS,REGULAR SEASON,Regular Season,True,ULK,Fenerbahce Beko Istanbul,Fenerbahce,,FBB,False,https://media-cdn.incrowdsports.com/0233ebbb-f3a2-49ea-837c-7fd3e661e672.png,89,89,PAR,Partizan Mozzart Bet Belgrade,Partizan,,PAR,False,https://media-cdn.incrowdsports.com/2681304e-77dd-4331-88b1-683078c0fb49.png,72,72
2024,,60,7,Round 7,Round 7,True,2024-11-01T19:00:00,True,True,2,2024-11-01T20:00:00,2024-11-01T18:00:00Z,"['W', 'W', 'W', 'W', 'W']","['L', 'W', 'L', 'W', 'L']",EuroLeague 2024-25,E2024,2024-25,E,2024,2024-06-29T00:00:00,653ea5d2-0ed0-4edf-9445-176b766c6b7a,1,Group Regular Season,Regular Season,RS,REGULAR SEASON,Regular Season,True,ZAL,Zalgiris Kaunas,Zalgiris,,ZAL,False,https://media-cdn.incrowdsports.com/0aa09358-3847-4c4e-b228-3582ee4e536d.png,63,63,MCO,AS Monaco,Monaco,,ASM,False,https://media-cdn.incrowdsports.com/89ed276a-2ba3-413f-8ea2-b3be209ca129.png,62,62
2024,,61,7,Round 7,Round 7,True,2024-11-01T20:00:00,True,True,1,2024-11-01T20:00:00,2024-11-01T19:00:00Z,"['W', 'L', 'L', 'L', 'L']","['L', 'L', 'W', 'W', 'W']",EuroLeague 2024-25,E2024,2024-25,E,2024,2024-06-29T00:00:00,653ea5d2-0ed0-4edf-9445-176b766c6b7a,1,Group Regular Season,Regular Season,RS,REGULAR SEASON,Regular Season,True,RED,Crvena Zvezda Meridianbet Belgrade,Crvena Zvezda,,CZV,False,https://media-cdn.incrowdsports.com/d2eef4a8-62df-4fdd-9076-276004268515.png,77,77,PAN,Panathinaikos AKTOR Athens,Panathinaikos,,PAO,False,https://media-cdn.incrowdsports.com/e3dff28a-9ec6-4faf-9d96-ecbc68f75780.png,81,81
2024,,62,7,Round 7,Round 7,True,2024-11-01T20:00:00,True,True,1,2024-11-01T20:00:00,2024-11-01T19:00:00Z,"['L', 'W', 'L', 'L', 'L']","['L', 'W', 'W', 'W', 'W']",EuroLeague 2024-25,E2024,2024-25,E,2024,2024-06-29T00:00:00,653ea5d2-0ed0-4edf-9445-176b766c6b7a,1,Group Regular Season,Regular Season,RS,REGULAR SEASON,Regular Season,True,ASV,LDLC ASVEL Villeurbanne,ASVEL,,ASV,False,https://media-cdn.incrowdsports.com/e33c6d1a-95ca-4dbc-b8cb-0201812104cc.png,71,71,MUN,FC Bayern Munich,Bayern,,BAY,False,https://media-cdn.incrowdsports.com/817b0e58-d595-4b09-ab0b-1e7cc26249ff.png,84,84
2024,,63,7,Round 7,Round 7,True,2024-11-01T20:45:00,True,True,1,2024-11-01T20:45:00,2024-11-01T19:45:00Z,"['W', 'L', 'W', 'W', 'W']","['W', 'L', 'W', 'W', 'L']",EuroLeague 2024-25,E2024,2024-25,E,2024,2024-06-29T00:00:00,653ea5d2-0ed0-4edf-9445-176b766c6b7a,1,Group Regular Season,Regular Season,RS,REGULAR SEASON,Regular Season,True,PRS,Paris Basketball,Paris,Paris,PBB,False,https://media-cdn.incrowdsports.com/a033e5b3-0de7-48a3-98d9-d9a4b9df1f39.png,67,67,BAS,Baskonia Vitoria-Gasteiz,Baskonia,,BKN,False,https://media-cdn.incrowdsports.com/e324a6af-2a72-443e-9813-8bf2d364ddab.png,65,65
2024,,65,8,Round 8,Round 8,True,2024-11-07T19:00:00,True,True,1,2024-11-07T19:00:00,2024-11-07T18:00:00Z,"['L', 'L', 'L', 'L', 'W']","['L', 'L', 'L', 'L', 'L']",EuroLeague 2024-25,E2024,2024-25,E,2024,2024-06-29T00:00:00,653ea5d2-0ed0-4edf-9445-176b766c6b7a,1,Group Regular Season,Regular Season,RS,REGULAR SEASON,Regular Season,True,RED,Crvena Zvezda Meridianbet Belgrade,Crvena Zvezda,,CZV,False,https://media-cdn.incrowdsports.com/d2eef4a8-62df-4fdd-9076-276004268515.png,92,92,BER,ALBA Berlin,ALBA,,BER,False,https://media-cdn.incrowdsports.com/ccc34858-22b0-47dc-904c-9940b0a16ff3.png,71,71
2024,,66,8,Round 8,Round 8,True,2024-11-07T20:30:00,True,True,1,2024-11-07T20:30:00,2024-11-07T19:30:00Z,"['L', 'L', 'L', 'W', 'W']","['W', 'W', 'L', 'L', 'L']",EuroLeague 2024-25,E2024,2024-25,E,2024,2024-06-29T00:00:00,653ea5d2-0ed0-4edf-9445-176b766c6b7a,1,Group Regular Season,Regular Season,RS,REGULAR SEASON,Regular Season,True,MIL,EA7 Emporio Armani Milan,Milan,,EA7,False,https://media-cdn.incrowdsports.com/8154f184-c61a-4e7f-b14d-9d802e35cb95.png,85,85,MAD,Real Madrid,Real,,RMB,False,https://media-cdn.incrowdsports.com/1a3e1404-4f6f-4ede-9d8b-30eee7cb51b4.png,76,76
2024,,67,8,Round 8,Round 8,True,2024-11-07T20:45:00,True,True,1,2024-11-07T20:45:00,2024-11-07T19:45:00Z,"['W', 'W', 'W', 'W', 'W']","['W', 'W', 'W', 'W', 'L']",EuroLeague 2024-25,E2024,2024-25,E,2024,2024-06-29T00:00:00,653ea5d2-0ed0-4edf-9445-176b766c6b7a,1,Group Regular Season,Regular Season,RS,REGULAR SEASON,Regular Season,True,MUN,FC Bayern Munich,Bayern,,BAY,False,https://media-cdn.incrowdsports.com/817b0e58-d595-4b09-ab0b-1e7cc26249ff.png,77,77,ZAL,Zalgiris Kaunas,Zalgiris,,ZAL,False,https://media-cdn.incrowdsports.com/0aa09358-3847-4c4e-b228-3582ee4e536d.png,74,74
2024,,68,8,Round 8,Round 8,True,2024-11-07T20:45:00,True,True,1,2024-11-07T20:45:00,2024-11-07T19:45:00Z,"['L', 'W', 'W', 'W', 'W']","['W', 'L', 'L', 'L', 'L']",EuroLeague 2024-25,E2024,2024-25,E,2024,2024-06-29T00:00:00,653ea5d2-0ed0-4edf-9445-176b766c6b7a,1,Group Regular Season,Regular Season,RS,REGULAR SEASON,Regular Season,True,PRS,Paris Basketball,Paris,Paris,PBB,False,https://media-cdn.incrowdsports.com/a033e5b3-0de7-48a3-98d9-d9a4b9df1f39.png,74,74,PAR,Partizan Mozzart Bet Belgrade,Partizan,,PAR,False,https://media-cdn.incrowdsports.com/2681304e-77dd-4331-88b1-683078c0fb49.png,71,71
2024,,64,8,Round 8,Round 8,True,2024-11-08T18:00:00,True,True,3,2024-11-08T20:00:00,2024-11-08T17:00:00Z,"['W', 'W', 'L', 'W', 'L']","['W', 'L', 'W', 'L', 'W']",EuroLeague 2024-25,E2024,2024-25,E,2024,2024-06-29T00:00:00,653ea5d2-0ed0-4edf-9445-176b766c6b7a,1,Group Regular Season,Regular Season,RS,REGULAR SEASON,Regular Season,True,IST,Anadolu Efes Istanbul,Anadolu Efes,Efes,EFS,False,https://media-cdn.incrowdsports.com/8ea8cec7-d8f7-45f4-a956-d976b5867610.png,69,69,MCO,AS Monaco,Monaco,,ASM,False,https://media-cdn.incrowdsports.com/89ed276a-2ba3-413f-8ea2-b3be209ca129.png,81,81
2024,,69,8,Round 8,Round 8,True,2024-11-08T20:00:00,True,True,1,2024-11-08T20:00:00,2024-11-08T19:00:00Z,"['W', 'L', 'L', 'L', 'L']","['W', 'L', 'W', 'W', 'W']",EuroLeague 2024-25,E2024,2024-25,E,2024,2024-06-29T00:00:00,653ea5d2-0ed0-4edf-9445-176b766c6b7a,1,Group Regular Season,Regular Season,RS,REGULAR SEASON,Regular Season,True,ASV,LDLC ASVEL Villeurbanne,ASVEL,,ASV,False,https://media-cdn.incrowdsports.com/e33c6d1a-95ca-4dbc-b8cb-0201812104cc.png,73,73,ULK,Fenerbahce Beko Istanbul,Fenerbahce,,FBB,False,https://media-cdn.incrowdsports.com/0233ebbb-f3a2-49ea-837c-7fd3e661e672.png,77,77
2024,,70,8,Round 8,Round 8,True,2024-11-08T20:15:00,True,True,2,2024-11-08T21:15:00,2024-11-08T19:15:00Z,"['L', 'W', 'W', 'W', 'L']","['L', 'L', 'W', 'W', 'W']",EuroLeague 2024-25,E2024,2024-25,E,2024,2024-06-29T00:00:00,653ea5d2-0ed0-4edf-9445-176b766c6b7a,1,Group Regular Season,Regular Season,RS,REGULAR SEASON,Regular Season,True,PAN,Panathinaikos AKTOR Athens,Panathinaikos,,PAO,False,https://media-cdn.incrowdsports.com/e3dff28a-9ec6-4faf-9d96-ecbc68f75780.png,89,89,OLY,Olympiacos Piraeus,Olympiacos,,OLY,False,https://media-cdn.incrowdsports.com/789423ac-3cdf-4b89-b11c-b458aa5f59a6.png,94,94
2024,,71,8,Round 8,Round 8,True,2024-11-08T20:30:00,True,True,1,2024-11-08T20:30:00,2024-11-08T19:30:00Z,"['W', 'W', 'W', 'L', 'W']","['L', 'W', 'W', 'L', 'L']",EuroLeague 2024-25,E2024,2024-25,E,2024,2024-06-29T00:00:00,653ea5d2-0ed0-4edf-9445-176b766c6b7a,1,Group Regular Season,Regular Season,RS,REGULAR SEASON,Regular Season,True,BAR,FC Barcelona,Barcelona,,BAR,False,https://media-cdn.incrowdsports.com/35dfa503-e417-481f-963a-bdf6f013763e.png,91,91,BAS,Baskonia Vitoria-Gasteiz,Baskonia,,BKN,False,https://media-cdn.incrowdsports.com/e324a6af-2a72-443e-9813-8bf2d364ddab.png,68,68
2024,,72,8,Round 8,Round 8,True,2024-11-08T20:30:00,True,True,1,2024-11-08T20:30:00,2024-11-08T19:30:00Z,"['L', 'W', 'L', 'L', 'W']","['L', 'L', 'L', 'W', 'L']",EuroLeague 2024-25,E2024,2024-25,E,2024,2024-06-29T00:00:00,653ea5d2-0ed0-4edf-9445-176b766c6b7a,1,Group Regular Season,Regular Season,RS,REGULAR SEASON,Regular Season,True,VIR,Virtus Segafredo Bologna,Virtus,,VIR,False,https://media-cdn.incrowdsports.com/4af5e83b-f2b5-4fba-a87c-1f85837a508a.png,84,84,TEL,Maccabi Playtika Tel Aviv,Maccabi,,MTA,False,https://media-cdn.incrowdsports.com/5c55ef14-29df-4328-bd52-a7a64c432350.png,77,77
2024,,73,9,Round 9,Round 9,True,2024-11-12T18:45:00,True,True,3,2024-11-12T20:45:00,2024-11-12T17:45:00Z,"['L', 'W', 'W', 'W', 'W']","['W', 'W', 'W', 'W', 'L']",EuroLeague 2024-25,E2024,2024-25,E,2024,2024-06-29T00:00:00,653ea5d2-0ed0-4edf-9445-176b766c6b7a,1,Group Regular Season,Regular Season,RS,REGULAR SEASON,Regular Season,True,ULK,Fenerbahce Beko Istanbul,Fenerbahce,,FBB,False,https://media-cdn.incrowdsports.com/0233ebbb-f3a2-49ea-837c-7fd3e661e672.png,87,87,MUN,FC Bayern Munich,Bayern,,BAY,False,https://media-cdn.incrowdsports.com/817b0e58-d595-4b09-ab0b-1e7cc26249ff.png,76,76
2024,,74,9,Round 9,Round 9,True,2024-11-12T19:00:00,True,True,1,2024-11-12T19:00:00,2024-11-12T18:00:00Z,"['L', 'W', 'L', 'W', 'L']","['L', 'L', 'L', 'W', 'W']",EuroLeague 2024-25,E2024,2024-25,E,2024,2024-06-29T00:00:00,653ea5d2-0ed0-4edf-9445-176b766c6b7a,1,Group Regular Season,Regular Season,RS,REGULAR SEASON,Regular Season,True,MCO,AS Monaco,Monaco,,ASM,False,https://media-cdn.incrowdsports.com/89ed276a-2ba3-413f-8ea2-b3be209ca129.png,90,90,RED,Crvena Zvezda Meridianbet Belgrade,Crvena Zvezda,,CZV,False,https://media-cdn.incrowdsports.com/d2eef4a8-62df-4fdd-9076-276004268515.png,98,98
2024,,75,9,Round 9,Round 9,True,2024-11-12T20:00:00,True,True,1,2024-11-12T20:00:00,2024-11-12T19:00:00Z,"['L', 'L', 'L', 'L', 'W']","['L', 'L', 'W', 'W', 'L']",EuroLeague 2024-25,E2024,2024-25,E,2024,2024-06-29T00:00:00,653ea5d2-0ed0-4edf-9445-176b766c6b7a,1,Group Regular Season,Regular Season,RS,REGULAR SEASON,Regular Season,True,BER,ALBA Berlin,ALBA,,BER,False,https://media-cdn.incrowdsports.com/ccc34858-22b0-47dc-904c-9940b0a16ff3.png,105,92,MIL,EA7 Emporio Armani Milan,Milan,,EA7,False,https://media-cdn.incrowdsports.com/8154f184-c61a-4e7f-b14d-9d802e35cb95.png,101,92
2024,,76,9,Round 9,Round 9,True,2024-11-12T20:00:00,True,True,2,2024-11-12T21:00:00,2024-11-12T19:00:00Z,"['L', 'W', 'W', 'W', 'W']","['L', 'L', 'L', 'L', 'L']",EuroLeague 2024-25,E2024,2024-25,E,2024,2024-06-29T00:00:00,653ea5d2-0ed0-4edf-9445-176b766c6b7a,1,Group Regular Season,Regular Season,RS,REGULAR SEASON,Regular Season,True,OLY,Olympiacos Piraeus,Olympiacos,,OLY,False,https://media-cdn.incrowdsports.com/789423ac-3cdf-4b89-b11c-b458aa5f59a6.png,94,94,ASV,LDLC ASVEL Villeurbanne,ASVEL,,ASV,False,https://media-cdn.incrowdsports.com/e33c6d1a-95ca-4dbc-b8cb-0201812104cc.png,92,92
2024,,77,9,Round 9,Round 9,True,2024-11-12T20:15:00,True,True,2,2024-11-12T21:15:00,2024-11-12T19:15:00Z,"['W', 'W', 'W', 'L', 'W']","['L', 'L', 'W', 'L', 'L']",EuroLeague 2024-25,E2024,2024-25,E,2024,2024-06-29T00:00:00,653ea5d2-0ed0-4edf-9445-176b766c6b7a,1,Group Regular Season,Regular Season,RS,REGULAR SEASON,Regular Season,True,PAN,Panathinaikos AKTOR Athens,Panathinaikos,,PAO,False,https://media-cdn.incrowdsports.com/e3dff28a-9ec6-4faf-9d96-ecbc68f75780.png,93,93,TEL,Maccabi Playtika Tel Aviv,Maccabi,,MTA,False,https://media-cdn.incrowdsports.com/5c55ef14-29df-4328-bd52-a7a64c432350.png,87,87
2024,,78,9,Round 9,Round 9,True,2024-11-12T20:30:00,True,True,1,2024-11-12T20:30:00,2024-11-12T19:30:00Z,"['W', 'W', 'L', 'L', 'L']","['W', 'L', 'W', 'L', 'W']",EuroLeague 2024-25,E2024,2024-25,E,2024,2024-06-29T00:00:00,653ea5d2-0ed0-4edf-9445-176b766c6b7a,1,Group Regular Season,Regular Season,RS,REGULAR SEASON,Regular Season,True,BAS,Baskonia Vitoria-Gasteiz,Baskonia,,BKN,False,https://media-cdn.incrowdsports.com/e324a6af-2a72-443e-9813-8bf2d364ddab.png,84,84,IST,Anadolu Efes Istanbul,Anadolu Efes,Efes,EFS,False,https://media-cdn.incrowdsports.com/8ea8cec7-d8f7-45f4-a956-d976b5867610.png,89,89
2024,,79,9,Round 9,Round 9,True,2024-11-12T20:45:00,True,True,1,2024-11-12T20:45:00,2024-11-12T19:45:00Z,"['W', 'L', 'L', 'L', 'W']","['W', 'L', 'L', 'W', 'L']",EuroLeague 2024-25,E2024,2024-25,E,2024,2024-06-29T00:00:00,653ea5d2-0ed0-4edf-9445-176b766c6b7a,1,Group Regular Season,Regular Season,RS,REGULAR SEASON,Regular Season,True,MAD,Real Madrid,Real,,RMB,False,https://media-cdn.incrowdsports.com/1a3e1404-4f6f-4ede-9d8b-30eee7cb51b4.png,98,98,VIR,Virtus Segafredo Bologna,Virtus,,VIR,False,https://media-cdn.incrowdsports.com/4af5e83b-f2b5-4fba-a87c-1f85837a508a.png,86,86
2024,,80,9,Round 9,Round 9,True,2024-11-13T18:00:00,True,True,1,2024-11-13T18:00:00,2024-11-13T17:00:00Z,"['L', 'L', 'L', 'L', 'L']","['W', 'W', 'L', 'W', 'W']",EuroLeague 2024-25,E2024,2024-25,E,2024,2024-06-29T00:00:00,653ea5d2-0ed0-4edf-9445-176b766c6b7a,1,Group Regular Season,Regular Season,RS,REGULAR SEASON,Regular Season,True,PAR,Partizan Mozzart Bet Belgrade,Partizan,,PAR,False,https://media-cdn.incrowdsports.com/2681304e-77dd-4331-88b1-683078c0fb49.png,79,79,BAR,FC Barcelona,Barcelona,,BAR,False,https://media-cdn.incrowdsports.com/35dfa503-e417-481f-963a-bdf6f013763e.png,87,87
2024,,81,9,Round 9,Round 9,True,2024-11-13T20:30:00,True,True,1,2024-11-13T20:30:00,2024-11-13T19:30:00Z,"['W', 'W', 'W', 'W', 'W']","['W', 'W', 'W', 'L', 'L']",EuroLeague 2024-25,E2024,2024-25,E,2024,2024-06-29T00:00:00,653ea5d2-0ed0-4edf-9445-176b766c6b7a,1,Group Regular Season,Regular Season,RS,REGULAR SEASON,Regular Season,True,PRS,Paris Basketball,Paris,Paris,PBB,False,https://media-cdn.incrowdsports.com/a033e5b3-0de7-48a3-98d9-d9a4b9df1f39.png,83,83,ZAL,Zalgiris Kaunas,Zalgiris,,ZAL,False,https://media-cdn.incrowdsports.com/0aa09358-3847-4c4e-b228-3582ee4e536d.png,77,77
2024,,82,10,Round 10,Round 10,True,2024-11-14T20:00:00,True,True,1,2024-11-14T20:00:00,2024-11-14T19:00:00Z,"['L', 'L', 'L', 'L', 'W']","['L', 'L', 'W', 'W', 'L']",EuroLeague 2024-25,E2024,2024-25,E,2024,2024-06-29T00:00:00,653ea5d2-0ed0-4edf-9445-176b766c6b7a,1,Group Regular Season,Regular Season,RS,REGULAR SEASON,Regular Season,True,ASV,LDLC ASVEL Villeurbanne,ASVEL,,ASV,False,https://media-cdn.incrowdsports.com/e33c6d1a-95ca-4dbc-b8cb-0201812104cc.png,77,77,RED,Crvena Zvezda Meridianbet Belgrade,Crvena Zvezda,,CZV,False,https://media-cdn.incrowdsports.com/d2eef4a8-62df-4fdd-9076-276004268515.png,74,74
2024,,83,10,Round 10,Round 10,True,2024-11-14T20:30:00,True,True,1,2024-11-14T20:30:00,2024-11-14T19:30:00Z,"['W', 'L', 'L', 'L', 'L']","['W', 'L', 'W', 'L', 'W']",EuroLeague 2024-25,E2024,2024-25,E,2024,2024-06-29T00:00:00,653ea5d2-0ed0-4edf-9445-176b766c6b7a,1,Group Regular Season,Regular Season,RS,REGULAR SEASON,Regular Season,True,BAS,Baskonia Vitoria-Gasteiz,Baskonia,,BKN,False,https://media-cdn.incrowdsports.com/e324a6af-2a72-443e-9813-8bf2d364ddab.png,75,75,MCO,AS Monaco,Monaco,,ASM,False,https://media-cdn.incrowdsports.com/89ed276a-2ba3-413f-8ea2-b3be209ca129.png,87,87
2024,,84,10,Round 10,Round 10,True,2024-11-14T20:30:00,True,True,1,2024-11-14T20:30:00,2024-11-14T19:30:00Z,"['W', 'W', 'W', 'L', 'W']","['L', 'L', 'L', 'W', 'L']",EuroLeague 2024-25,E2024,2024-25,E,2024,2024-06-29T00:00:00,653ea5d2-0ed0-4edf-9445-176b766c6b7a,1,Group Regular Season,Regular Season,RS,REGULAR SEASON,Regular Season,True,MUN,FC Bayern Munich,Bayern,,BAY,False,https://media-cdn.incrowdsports.com/817b0e58-d595-4b09-ab0b-1e7cc26249ff.png,115,115,BER,ALBA Berlin,ALBA,,BER,False,https://media-cdn.incrowdsports.com/ccc34858-22b0-47dc-904c-9940b0a16ff3.png,86,86
2024,,85,10,Round 10,Round 10,True,2024-11-14T20:45:00,True,True,1,2024-11-14T20:45:00,2024-11-14T19:45:00Z,"['L', 'L', 'L', 'W', 'L']","['L', 'W', 'L', 'W', 'W']",EuroLeague 2024-25,E2024,2024-25,E,2024,2024-06-29T00:00:00,653ea5d2-0ed0-4edf-9445-176b766c6b7a,1,Group Regular Season,Regular Season,RS,REGULAR SEASON,Regular Season,True,MAD,Real Madrid,Real,,RMB,False,https://media-cdn.incrowdsports.com/1a3e1404-4f6f-4ede-9d8b-30eee7cb51b4.png,64,64,IST,Anadolu Efes Istanbul,Anadolu Efes,Efes,EFS,False,https://media-cdn.incrowdsports.com/8ea8cec7-d8f7-45f4-a956-d976b5867610.png,74,74
2024,,86,10,Round 10,Round 10,True,2024-11-14T19:00:00,True,True,1,2024-11-14T19:00:00,2024-11-14T18:00:00Z,"['L', 'W', 'L', 'L', 'L']","['W', 'W', 'W', 'W', 'W']",EuroLeague 2024-25,E2024,2024-25,E,2024,2024-06-29T00:00:00,653ea5d2-0ed0-4edf-9445-176b766c6b7a,1,Group Regular Season,Regular Season,RS,REGULAR SEASON,Regular Season,True,TEL,Maccabi Playtika Tel Aviv,Maccabi,,MTA,False,https://media-cdn.incrowdsports.com/5c55ef14-29df-4328-bd52-a7a64c432350.png,91,91,OLY,Olympiacos Piraeus,Olympiacos,,OLY,False,https://media-cdn.incrowdsports.com/789423ac-3cdf-4b89-b11c-b458aa5f59a6.png,94,94
2024,,87,10,Round 10,Round 10,True,2024-11-15T19:00:00,True,True,2,2024-11-15T20:00:00,2024-11-15T18:00:00Z,"['W', 'W', 'L', 'L', 'L']","['W', 'W', 'W', 'W', 'W']",EuroLeague 2024-25,E2024,2024-25,E,2024,2024-06-29T00:00:00,653ea5d2-0ed0-4edf-9445-176b766c6b7a,1,Group Regular Season,Regular Season,RS,REGULAR SEASON,Regular Season,True,ZAL,Zalgiris Kaunas,Zalgiris,,ZAL,False,https://media-cdn.incrowdsports.com/0aa09358-3847-4c4e-b228-3582ee4e536d.png,65,65,ULK,Fenerbahce Beko Istanbul,Fenerbahce,,FBB,False,https://media-cdn.incrowdsports.com/0233ebbb-f3a2-49ea-837c-7fd3e661e672.png,72,72
2024,,88,10,Round 10,Round 10,True,2024-11-15T20:30:00,True,True,1,2024-11-15T20:30:00,2024-11-15T19:30:00Z,"['W', 'L', 'W', 'W', 'L']","['W', 'W', 'W', 'W', 'W']",EuroLeague 2024-25,E2024,2024-25,E,2024,2024-06-29T00:00:00,653ea5d2-0ed0-4edf-9445-176b766c6b7a,1,Group Regular Season,Regular Season,RS,REGULAR SEASON,Regular Season,True,BAR,FC Barcelona,Barcelona,,BAR,False,https://media-cdn.incrowdsports.com/35dfa503-e417-481f-963a-bdf6f013763e.png,87,87,PRS,Paris Basketball,Paris,Paris,PBB,False,https://media-cdn.incrowdsports.com/a033e5b3-0de7-48a3-98d9-d9a4b9df1f39.png,103,103
2024,,89,10,Round 10,Round 10,True,2024-11-15T20:30:00,True,True,1,2024-11-15T20:30:00,2024-11-15T19:30:00Z,"['L', 'L', 'L', 'L', 'L']","['L', 'W', 'W', 'L', 'W']",EuroLeague 2024-25,E2024,2024-25,E,2024,2024-06-29T00:00:00,653ea5d2-0ed0-4edf-9445-176b766c6b7a,1,Group Regular Season,Regular Season,RS,REGULAR SEASON,Regular Season,True,PAR,Partizan Mozzart Bet Belgrade,Partizan,,PAR,False,https://media-cdn.incrowdsports.com/2681304e-77dd-4331-88b1-683078c0fb49.png,81,81,MIL,EA7 Emporio Armani Milan,Milan,,EA7,False,https://media-cdn.incrowdsports.com/8154f184-c61a-4e7f-b14d-9d802e35cb95.png,88,88
2024,,90,10,Round 10,Round 10,True,2024-11-15T20:30:00,True,True,1,2024-11-15T20:30:00,2024-11-15T19:30:00Z,"['L', 'L', 'W', 'L', 'L']","['W', 'W', 'L', 'W', 'W']",EuroLeague 2024-25,E2024,2024-25,E,2024,2024-06-29T00:00:00,653ea5d2-0ed0-4edf-9445-176b766c6b7a,1,Group Regular Season,Regular Season,RS,REGULAR SEASON,Regular Season,True,VIR,Virtus Segafredo Bologna,Virtus,,VIR,False,https://media-cdn.incrowdsports.com/4af5e83b-f2b5-4fba-a87c-1f85837a508a.png,77,77,PAN,Panathinaikos AKTOR Athens,Panathinaikos,,PAO,False,https://media-cdn.incrowdsports.com/e3dff28a-9ec6-4faf-9d96-ecbc68f75780.png,82,82
2024,,91,11,Round 11,Round 11,True,2024-11-20T20:30:00,True,True,1,2024-11-20T20:30:00,2024-11-20T19:30:00Z,"['L', 'W', 'L', 'L', 'L']","['W', 'W', 'W', 'W', 'W']",EuroLeague 2024-25,E2024,2024-25,E,2024,2024-06-29T00:00:00,653ea5d2-0ed0-4edf-9445-176b766c6b7a,1,Group Regular Season,Regular Season,RS,REGULAR SEASON,Regular Season,True,VIR,Virtus Segafredo Bologna,Virtus,,VIR,False,https://media-cdn.incrowdsports.com/4af5e83b-f2b5-4fba-a87c-1f85837a508a.png,82,82,ULK,Fenerbahce Beko Istanbul,Fenerbahce,,FBB,False,https://media-cdn.incrowdsports.com/0233ebbb-f3a2-49ea-837c-7fd3e661e672.png,86,86
2024,,92,11,Round 11,Round 11,True,2024-11-21T19:00:00,True,True,1,2024-11-21T19:00:00,2024-11-21T18:00:00Z,"['L', 'W', 'L', 'W', 'W']","['L', 'L', 'L', 'W', 'L']",EuroLeague 2024-25,E2024,2024-25,E,2024,2024-06-29T00:00:00,653ea5d2-0ed0-4edf-9445-176b766c6b7a,1,Group Regular Season,Regular Season,RS,REGULAR SEASON,Regular Season,True,MCO,AS Monaco,Monaco,,ASM,False,https://media-cdn.incrowdsports.com/89ed276a-2ba3-413f-8ea2-b3be209ca129.png,103,103,ASV,LDLC ASVEL Villeurbanne,ASVEL,,ASV,False,https://media-cdn.incrowdsports.com/e33c6d1a-95ca-4dbc-b8cb-0201812104cc.png,92,92
2024,,93,11,Round 11,Round 11,True,2024-11-21T20:00:00,True,True,1,2024-11-21T20:00:00,2024-11-21T19:00:00Z,"['L', 'W', 'W', 'L', 'L']","['L', 'L', 'L', 'L', 'W']",EuroLeague 2024-25,E2024,2024-25,E,2024,2024-06-29T00:00:00,653ea5d2-0ed0-4edf-9445-176b766c6b7a,1,Group Regular Season,Regular Season,RS,REGULAR SEASON,Regular Season,True,RED,Crvena Zvezda Meridianbet Belgrade,Crvena Zvezda,,CZV,False,https://media-cdn.incrowdsports.com/d2eef4a8-62df-4fdd-9076-276004268515.png,77,77,PAR,Partizan Mozzart Bet Belgrade,Partizan,,PAR,False,https://media-cdn.incrowdsports.com/2681304e-77dd-4331-88b1-683078c0fb49.png,89,89
2024,,94,11,Round 11,Round 11,True,2024-11-21T20:15:00,True,True,2,2024-11-21T21:15:00,2024-11-21T19:15:00Z,"['W', 'W', 'W', 'W', 'W']","['L', 'L', 'L', 'L', 'L']",EuroLeague 2024-25,E2024,2024-25,E,2024,2024-06-29T00:00:00,653ea5d2-0ed0-4edf-9445-176b766c6b7a,1,Group Regular Season,Regular Season,RS,REGULAR SEASON,Regular Season,True,OLY,Olympiacos Piraeus,Olympiacos,,OLY,False,https://media-cdn.incrowdsports.com/789423ac-3cdf-4b89-b11c-b458aa5f59a6.png,92,92,BAS,Baskonia Vitoria-Gasteiz,Baskonia,,BKN,False,https://media-cdn.incrowdsports.com/e324a6af-2a72-443e-9813-8bf2d364ddab.png,69,69
2024,,95,11,Round 11,Round 11,True,2024-11-21T20:30:00,True,True,1,2024-11-21T20:30:00,2024-11-21T19:30:00Z,"['W', 'W', 'L', 'W', 'W']","['W', 'L', 'L', 'L', 'L']",EuroLeague 2024-25,E2024,2024-25,E,2024,2024-06-29T00:00:00,653ea5d2-0ed0-4edf-9445-176b766c6b7a,1,Group Regular Season,Regular Season,RS,REGULAR SEASON,Regular Season,True,MIL,EA7 Emporio Armani Milan,Milan,,EA7,False,https://media-cdn.incrowdsports.com/8154f184-c61a-4e7f-b14d-9d802e35cb95.png,98,98,TEL,Maccabi Playtika Tel Aviv,Maccabi,,MTA,False,https://media-cdn.incrowdsports.com/5c55ef14-29df-4328-bd52-a7a64c432350.png,86,86
2024,,97,11,Round 11,Round 11,True,2024-11-21T18:30:00,True,True,3,2024-11-21T20:30:00,2024-11-21T17:30:00Z,"['W', 'L', 'W', 'W', 'L']","['W', 'W', 'W', 'W', 'W']",EuroLeague 2024-25,E2024,2024-25,E,2024,2024-06-29T00:00:00,653ea5d2-0ed0-4edf-9445-176b766c6b7a,1,Group Regular Season,Regular Season,RS,REGULAR SEASON,Regular Season,True,IST,Anadolu Efes Istanbul,Anadolu Efes,Efes,EFS,False,https://media-cdn.incrowdsports.com/8ea8cec7-d8f7-45f4-a956-d976b5867610.png,84,84,PRS,Paris Basketball,Paris,Paris,PBB,False,https://media-cdn.incrowdsports.com/a033e5b3-0de7-48a3-98d9-d9a4b9df1f39.png,93,93
2024,,96,11,Round 11,Round 11,True,2024-11-21T20:45:00,True,True,1,2024-11-21T20:45:00,2024-11-21T19:45:00Z,"['L', 'L', 'W', 'L', 'W']","['L', 'L', 'W', 'L', 'L']",EuroLeague 2024-25,E2024,2024-25,E,2024,2024-06-29T00:00:00,653ea5d2-0ed0-4edf-9445-176b766c6b7a,1,Group Regular Season,Regular Season,RS,REGULAR SEASON,Regular Season,True,MAD,Real Madrid,Real,,RMB,False,https://media-cdn.incrowdsports.com/1a3e1404-4f6f-4ede-9d8b-30eee7cb51b4.png,98,98,BER,ALBA Berlin,ALBA,,BER,False,https://media-cdn.incrowdsports.com/ccc34858-22b0-47dc-904c-9940b0a16ff3.png,84,84
2024,,98,11,Round 11,Round 11,True,2024-11-22T19:00:00,True,True,2,2024-11-22T20:00:00,2024-11-22T18:00:00Z,"['W', 'L', 'L', 'L', 'W']","['W', 'L', 'W', 'W', 'L']",EuroLeague 2024-25,E2024,2024-25,E,2024,2024-06-29T00:00:00,653ea5d2-0ed0-4edf-9445-176b766c6b7a,1,Group Regular Season,Regular Season,RS,REGULAR SEASON,Regular Season,True,ZAL,Zalgiris Kaunas,Zalgiris,,ZAL,False,https://media-cdn.incrowdsports.com/0aa09358-3847-4c4e-b228-3582ee4e536d.png,84,84,PAN,Panathinaikos AKTOR Athens,Panathinaikos,,PAO,False,https://media-cdn.incrowdsports.com/e3dff28a-9ec6-4faf-9d96-ecbc68f75780.png,77,77
2024,,99,11,Round 11,Round 11,True,2024-11-22T20:30:00,True,True,1,2024-11-22T20:30:00,2024-11-22T19:30:00Z,"['W', 'W', 'L', 'W', 'W']","['L', 'W', 'W', 'L', 'L']",EuroLeague 2024-25,E2024,2024-25,E,2024,2024-06-29T00:00:00,653ea5d2-0ed0-4edf-9445-176b766c6b7a,1,Group Regular Season,Regular Season,RS,REGULAR SEASON,Regular Season,True,MUN,FC Bayern Munich,Bayern,,BAY,False,https://media-cdn.incrowdsports.com/817b0e58-d595-4b09-ab0b-1e7cc26249ff.png,100,100,BAR,FC Barcelona,Barcelona,,BAR,False,https://media-cdn.incrowdsports.com/35dfa503-e417-481f-963a-bdf6f013763e.png,78,78
2024,,100,12,Round 12,Round 12,True,2024-11-28T19:00:00,True,True,2,2024-11-28T20:00:00,2024-11-28T18:00:00Z,"['L', 'L', 'L', 'W', 'L']","['L', 'L', 'L', 'L', 'W']",EuroLeague 2024-25,E2024,2024-25,E,2024,2024-06-29T00:00:00,653ea5d2-0ed0-4edf-9445-176b766c6b7a,1,Group Regular Season,Regular Season,RS,REGULAR SEASON,Regular Season,True,ZAL,Zalgiris Kaunas,Zalgiris,,ZAL,False,https://media-cdn.incrowdsports.com/0aa09358-3847-4c4e-b228-3582ee4e536d.png,70,70,BAS,Baskonia Vitoria-Gasteiz,Baskonia,,BKN,False,https://media-cdn.incrowdsports.com/e324a6af-2a72-443e-9813-8bf2d364ddab.png,83,83
2024,,101,12,Round 12,Round 12,True,2024-11-28T20:00:00,True,True,1,2024-11-28T20:00:00,2024-11-28T19:00:00Z,"['L', 'W', 'L', 'L', 'L']","['L', 'L', 'L', 'L', 'W']",EuroLeague 2024-25,E2024,2024-25,E,2024,2024-06-29T00:00:00,653ea5d2-0ed0-4edf-9445-176b766c6b7a,1,Group Regular Season,Regular Season,RS,REGULAR SEASON,Regular Season,True,BER,ALBA Berlin,ALBA,,BER,False,https://media-cdn.incrowdsports.com/ccc34858-22b0-47dc-904c-9940b0a16ff3.png,85,85,TEL,Maccabi Playtika Tel Aviv,Maccabi,,MTA,False,https://media-cdn.incrowdsports.com/5c55ef14-29df-4328-bd52-a7a64c432350.png,103,103
2024,,102,12,Round 12,Round 12,True,2024-11-28T20:30:00,True,True,1,2024-11-28T20:30:00,2024-11-28T19:30:00Z,"['W', 'W', 'W', 'W', 'W']","['W', 'L', 'L', 'L', 'L']",EuroLeague 2024-25,E2024,2024-25,E,2024,2024-06-29T00:00:00,653ea5d2-0ed0-4edf-9445-176b766c6b7a,1,Group Regular Season,Regular Season,RS,REGULAR SEASON,Regular Season,True,PRS,Paris Basketball,Paris,Paris,PBB,False,https://media-cdn.incrowdsports.com/a033e5b3-0de7-48a3-98d9-d9a4b9df1f39.png,81,81,VIR,Virtus Segafredo Bologna,Virtus,,VIR,False,https://media-cdn.incrowdsports.com/4af5e83b-f2b5-4fba-a87c-1f85837a508a.png,78,78
2024,,103,12,Round 12,Round 12,True,2024-11-28T20:30:00,True,True,1,2024-11-28T20:30:00,2024-11-28T19:30:00Z,"['L', 'L', 'L', 'W', 'W']","['W', 'W', 'W', 'W', 'L']",EuroLeague 2024-25,E2024,2024-25,E,2024,2024-06-29T00:00:00,653ea5d2-0ed0-4edf-9445-176b766c6b7a,1,Group Regular Season,Regular Season,RS,REGULAR SEASON,Regular Season,True,PAR,Partizan Mozzart Bet Belgrade,Partizan,,PAR,False,https://media-cdn.incrowdsports.com/2681304e-77dd-4331-88b1-683078c0fb49.png,78,78,OLY,Olympiacos Piraeus,Olympiacos,,OLY,False,https://media-cdn.incrowdsports.com/789423ac-3cdf-4b89-b11c-b458aa5f59a6.png,70,70
2024,,107,12,Round 12,Round 12,True,2024-11-28T20:45:00,True,True,1,2024-11-28T20:45:00,2024-11-28T19:45:00Z,"['W', 'W', 'L', 'L', 'L']","['L', 'W', 'L', 'W', 'W']",EuroLeague 2024-25,E2024,2024-25,E,2024,2024-06-29T00:00:00,653ea5d2-0ed0-4edf-9445-176b766c6b7a,1,Group Regular Season,Regular Season,RS,REGULAR SEASON,Regular Season,True,BAR,FC Barcelona,Barcelona,,BAR,False,https://media-cdn.incrowdsports.com/35dfa503-e417-481f-963a-bdf6f013763e.png,90,74,MAD,Real Madrid,Real,,RMB,False,https://media-cdn.incrowdsports.com/1a3e1404-4f6f-4ede-9d8b-30eee7cb51b4.png,97,74
2024,,104,12,Round 12,Round 12,True,2024-11-29T18:45:00,True,True,3,2024-11-29T20:45:00,2024-11-29T17:45:00Z,"['W', 'W', 'W', 'W', 'L']","['W', 'L', 'W', 'W', 'W']",EuroLeague 2024-25,E2024,2024-25,E,2024,2024-06-29T00:00:00,653ea5d2-0ed0-4edf-9445-176b766c6b7a,1,Group Regular Season,Regular Season,RS,REGULAR SEASON,Regular Season,True,ULK,Fenerbahce Beko Istanbul,Fenerbahce,,FBB,False,https://media-cdn.incrowdsports.com/0233ebbb-f3a2-49ea-837c-7fd3e661e672.png,85,85,MIL,EA7 Emporio Armani Milan,Milan,,EA7,False,https://media-cdn.incrowdsports.com/8154f184-c61a-4e7f-b14d-9d802e35cb95.png,91,91
2024,,105,12,Round 12,Round 12,True,2024-11-29T20:00:00,True,True,1,2024-11-29T20:00:00,2024-11-29T19:00:00Z,"['W', 'W', 'L', 'L', 'W']","['W', 'L', 'W', 'W', 'L']",EuroLeague 2024-25,E2024,2024-25,E,2024,2024-06-29T00:00:00,653ea5d2-0ed0-4edf-9445-176b766c6b7a,1,Group Regular Season,Regular Season,RS,REGULAR SEASON,Regular Season,True,RED,Crvena Zvezda Meridianbet Belgrade,Crvena Zvezda,,CZV,False,https://media-cdn.incrowdsports.com/d2eef4a8-62df-4fdd-9076-276004268515.png,101,101,MUN,FC Bayern Munich,Bayern,,BAY,False,https://media-cdn.incrowdsports.com/817b0e58-d595-4b09-ab0b-1e7cc26249ff.png,77,77
2024,,106,12,Round 12,Round 12,True,2024-11-29T20:15:00,True,True,2,2024-11-29T21:15:00,2024-11-29T19:15:00Z,"['L', 'W', 'W', 'L', 'L']","['W', 'L', 'W', 'W', 'W']",EuroLeague 2024-25,E2024,2024-25,E,2024,2024-06-29T00:00:00,653ea5d2-0ed0-4edf-9445-176b766c6b7a,1,Group Regular Season,Regular Season,RS,REGULAR SEASON,Regular Season,True,PAN,Panathinaikos AKTOR Athens,Panathinaikos,,PAO,False,https://media-cdn.incrowdsports.com/e3dff28a-9ec6-4faf-9d96-ecbc68f75780.png,88,88,MCO,AS Monaco,Monaco,,ASM,False,https://media-cdn.incrowdsports.com/89ed276a-2ba3-413f-8ea2-b3be209ca129.png,91,91
2024,,108,12,Round 12,Round 12,True,2024-11-29T21:00:00,True,True,1,2024-11-29T21:00:00,2024-11-29T20:00:00Z,"['L', 'L', 'W', 'L', 'W']","['L', 'W', 'W', 'L', 'L']",EuroLeague 2024-25,E2024,2024-25,E,2024,2024-06-29T00:00:00,653ea5d2-0ed0-4edf-9445-176b766c6b7a,1,Group Regular Season,Regular Season,RS,REGULAR SEASON,Regular Season,True,ASV,LDLC ASVEL Villeurbanne,ASVEL,,ASV,False,https://media-cdn.incrowdsports.com/e33c6d1a-95ca-4dbc-b8cb-0201812104cc.png,97,97,IST,Anadolu Efes Istanbul,Anadolu Efes,Efes,EFS,False,https://media-cdn.incrowdsports.com/8ea8cec7-d8f7-45f4-a956-d976b5867610.png,82,82
2024,,109,13,Round 13,Round 13,True,2024-12-03T18:30:00,True,True,3,2024-12-03T20:30:00,2024-12-03T17:30:00Z,"['W', 'W', 'L', 'L', 'W']","['L', 'W', 'W', 'L', 'L']",EuroLeague 2024-25,E2024,2024-25,E,2024,2024-06-29T00:00:00,653ea5d2-0ed0-4edf-9445-176b766c6b7a,1,Group Regular Season,Regular Season,RS,REGULAR SEASON,Regular Season,True,IST,Anadolu Efes Istanbul,Anadolu Efes,Efes,EFS,False,https://media-cdn.incrowdsports.com/8ea8cec7-d8f7-45f4-a956-d976b5867610.png,101,101,MUN,FC Bayern Munich,Bayern,,BAY,False,https://media-cdn.incrowdsports.com/817b0e58-d595-4b09-ab0b-1e7cc26249ff.png,90,90
2024,,110,13,Round 13,Round 13,True,2024-12-03T20:00:00,True,True,1,2024-12-03T20:00:00,2024-12-03T19:00:00Z,"['L', 'W', 'L', 'W', 'W']","['W', 'L', 'W', 'W', 'L']",EuroLeague 2024-25,E2024,2024-25,E,2024,2024-06-29T00:00:00,653ea5d2-0ed0-4edf-9445-176b766c6b7a,1,Group Regular Season,Regular Season,RS,REGULAR SEASON,Regular Season,True,ASV,LDLC ASVEL Villeurbanne,ASVEL,,ASV,False,https://media-cdn.incrowdsports.com/e33c6d1a-95ca-4dbc-b8cb-0201812104cc.png,80,80,MAD,Real Madrid,Real,,RMB,False,https://media-cdn.incrowdsports.com/1a3e1404-4f6f-4ede-9d8b-30eee7cb51b4.png,78,78
2024,,114,13,Round 13,Round 13,True,2024-12-03T20:05:00,True,True,1,2024-12-03T20:05:00,2024-12-03T19:05:00Z,"['L', 'L', 'L', 'W', 'L']","['W', 'W', 'W', 'W', 'W']",EuroLeague 2024-25,E2024,2024-25,E,2024,2024-06-29T00:00:00,653ea5d2-0ed0-4edf-9445-176b766c6b7a,1,Group Regular Season,Regular Season,RS,REGULAR SEASON,Regular Season,True,TEL,Maccabi Playtika Tel Aviv,Maccabi,,MTA,False,https://media-cdn.incrowdsports.com/5c55ef14-29df-4328-bd52-a7a64c432350.png,81,81,PRS,Paris Basketball,Paris,Paris,PBB,False,https://media-cdn.incrowdsports.com/a033e5b3-0de7-48a3-98d9-d9a4b9df1f39.png,93,93
2024,,111,13,Round 13,Round 13,True,2024-12-03T20:15:00,True,True,2,2024-12-03T21:15:00,2024-12-03T19:15:00Z,"['W', 'W', 'L', 'L', 'W']","['W', 'L', 'L', 'L', 'L']",EuroLeague 2024-25,E2024,2024-25,E,2024,2024-06-29T00:00:00,653ea5d2-0ed0-4edf-9445-176b766c6b7a,1,Group Regular Season,Regular Season,RS,REGULAR SEASON,Regular Season,True,PAN,Panathinaikos AKTOR Athens,Panathinaikos,,PAO,False,https://media-cdn.incrowdsports.com/e3dff28a-9ec6-4faf-9d96-ecbc68f75780.png,90,90,BAR,FC Barcelona,Barcelona,,BAR,False,https://media-cdn.incrowdsports.com/35dfa503-e417-481f-963a-bdf6f013763e.png,89,89
2024,,112,13,Round 13,Round 13,True,2024-12-03T20:30:00,True,True,1,2024-12-03T20:30:00,2024-12-03T19:30:00Z,"['L', 'L', 'L', 'W', 'W']","['W', 'W', 'W', 'L', 'L']",EuroLeague 2024-25,E2024,2024-25,E,2024,2024-06-29T00:00:00,653ea5d2-0ed0-4edf-9445-176b766c6b7a,1,Group Regular Season,Regular Season,RS,REGULAR SEASON,Regular Season,True,BAS,Baskonia Vitoria-Gasteiz,Baskonia,,BKN,False,https://media-cdn.incrowdsports.com/e324a6af-2a72-443e-9813-8bf2d364ddab.png,88,88,ULK,Fenerbahce Beko Istanbul,Fenerbahce,,FBB,False,https://media-cdn.incrowdsports.com/0233ebbb-f3a2-49ea-837c-7fd3e661e672.png,76,76
2024,,113,13,Round 13,Round 13,True,2024-12-03T20:30:00,True,True,1,2024-12-03T20:30:00,2024-12-03T19:30:00Z,"['L', 'L', 'W', 'W', 'W']","['L', 'L', 'W', 'L', 'L']",EuroLeague 2024-25,E2024,2024-25,E,2024,2024-06-29T00:00:00,653ea5d2-0ed0-4edf-9445-176b766c6b7a,1,Group Regular Season,Regular Season,RS,REGULAR SEASON,Regular Season,True,PAR,Partizan Mozzart Bet Belgrade,Partizan,,PAR,False,https://media-cdn.incrowdsports.com/2681304e-77dd-4331-88b1-683078c0fb49.png,84,84,ZAL,Zalgiris Kaunas,Zalgiris,,ZAL,False,https://media-cdn.incrowdsports.com/0aa09358-3847-4c4e-b228-3582ee4e536d.png,78,78
2024,,115,13,Round 13,Round 13,True,2024-12-04T19:00:00,True,True,1,2024-12-04T19:00:00,2024-12-04T18:00:00Z,"['L', 'W', 'W', 'W', 'L']","['W', 'W', 'W', 'L', 'W']",EuroLeague 2024-25,E2024,2024-25,E,2024,2024-06-29T00:00:00,653ea5d2-0ed0-4edf-9445-176b766c6b7a,1,Group Regular Season,Regular Season,RS,REGULAR SEASON,Regular Season,True,MCO,AS Monaco,Monaco,,ASM,False,https://media-cdn.incrowdsports.com/89ed276a-2ba3-413f-8ea2-b3be209ca129.png,80,80,OLY,Olympiacos Piraeus,Olympiacos,,OLY,False,https://media-cdn.incrowdsports.com/789423ac-3cdf-4b89-b11c-b458aa5f59a6.png,89,89
2024,,116,13,Round 13,Round 13,True,2024-12-04T20:30:00,True,True,1,2024-12-04T20:30:00,2024-12-04T19:30:00Z,"['L', 'W', 'W', 'W', 'W']","['W', 'L', 'L', 'W', 'L']",EuroLeague 2024-25,E2024,2024-25,E,2024,2024-06-29T00:00:00,653ea5d2-0ed0-4edf-9445-176b766c6b7a,1,Group Regular Season,Regular Season,RS,REGULAR SEASON,Regular Season,True,MIL,EA7 Emporio Armani Milan,Milan,,EA7,False,https://media-cdn.incrowdsports.com/8154f184-c61a-4e7f-b14d-9d802e35cb95.png,101,101,RED,Crvena Zvezda Meridianbet Belgrade,Crvena Zvezda,,CZV,False,https://media-cdn.incrowdsports.com/d2eef4a8-62df-4fdd-9076-276004268515.png,86,86
2024,,117,13,Round 13,Round 13,True,2024-12-04T20:45:00,True,True,1,2024-12-04T20:45:00,2024-12-04T19:45:00Z,"['L', 'L', 'L', 'L', 'L']","['W', 'L', 'L', 'L', 'W']",EuroLeague 2024-25,E2024,2024-25,E,2024,2024-06-29T00:00:00,653ea5d2-0ed0-4edf-9445-176b766c6b7a,1,Group Regular Season,Regular Season,RS,REGULAR SEASON,Regular Season,True,VIR,Virtus Segafredo Bologna,Virtus,,VIR,False,https://media-cdn.incrowdsports.com/4af5e83b-f2b5-4fba-a87c-1f85837a508a.png,88,78,BER,ALBA Berlin,ALBA,,BER,False,https://media-cdn.incrowdsports.com/ccc34858-22b0-47dc-904c-9940b0a16ff3.png,90,78
2024,,118,14,Round 14,Round 14,True,2024-12-05T19:00:00,True,True,2,2024-12-05T20:00:00,2024-12-05T18:00:00Z,"['L', 'W', 'L', 'L', 'W']","['W', 'L', 'L', 'W', 'L']",EuroLeague 2024-25,E2024,2024-25,E,2024,2024-06-29T00:00:00,653ea5d2-0ed0-4edf-9445-176b766c6b7a,1,Group Regular Season,Regular Season,RS,REGULAR SEASON,Regular Season,True,ZAL,Zalgiris Kaunas,Zalgiris,,ZAL,False,https://media-cdn.incrowdsports.com/0aa09358-3847-4c4e-b228-3582ee4e536d.png,85,85,IST,Anadolu Efes Istanbul,Anadolu Efes,Efes,EFS,False,https://media-cdn.incrowdsports.com/8ea8cec7-d8f7-45f4-a956-d976b5867610.png,72,72
2024,,119,14,Round 14,Round 14,True,2024-12-05T20:30:00,True,True,1,2024-12-05T20:30:00,2024-12-05T19:30:00Z,"['W', 'W', 'L', 'L', 'W']","['L', 'L', 'W', 'W', 'L']",EuroLeague 2024-25,E2024,2024-25,E,2024,2024-06-29T00:00:00,653ea5d2-0ed0-4edf-9445-176b766c6b7a,1,Group Regular Season,Regular Season,RS,REGULAR SEASON,Regular Season,True,MUN,FC Bayern Munich,Bayern,,BAY,False,https://media-cdn.incrowdsports.com/817b0e58-d595-4b09-ab0b-1e7cc26249ff.png,94,94,BAS,Baskonia Vitoria-Gasteiz,Baskonia,,BKN,False,https://media-cdn.incrowdsports.com/e324a6af-2a72-443e-9813-8bf2d364ddab.png,80,80
2024,,120,14,Round 14,Round 14,True,2024-12-05T20:30:00,True,True,1,2024-12-05T20:30:00,2024-12-05T19:30:00Z,"['L', 'W', 'W', 'W', 'W']","['W', 'L', 'L', 'W', 'L']",EuroLeague 2024-25,E2024,2024-25,E,2024,2024-06-29T00:00:00,653ea5d2-0ed0-4edf-9445-176b766c6b7a,1,Group Regular Season,Regular Season,RS,REGULAR SEASON,Regular Season,True,PAR,Partizan Mozzart Bet Belgrade,Partizan,,PAR,False,https://media-cdn.incrowdsports.com/2681304e-77dd-4331-88b1-683078c0fb49.png,91,91,PAN,Panathinaikos AKTOR Athens,Panathinaikos,,PAO,False,https://media-cdn.incrowdsports.com/e3dff28a-9ec6-4faf-9d96-ecbc68f75780.png,73,73
2024,,121,14,Round 14,Round 14,True,2024-12-05T20:45:00,True,True,1,2024-12-05T20:45:00,2024-12-05T19:45:00Z,"['L', 'W', 'W', 'L', 'L']","['W', 'W', 'L', 'L', 'W']",EuroLeague 2024-25,E2024,2024-25,E,2024,2024-06-29T00:00:00,653ea5d2-0ed0-4edf-9445-176b766c6b7a,1,Group Regular Season,Regular Season,RS,REGULAR SEASON,Regular Season,True,MAD,Real Madrid,Real,,RMB,False,https://media-cdn.incrowdsports.com/1a3e1404-4f6f-4ede-9d8b-30eee7cb51b4.png,70,70,ULK,Fenerbahce Beko Istanbul,Fenerbahce,,FBB,False,https://media-cdn.incrowdsports.com/0233ebbb-f3a2-49ea-837c-7fd3e661e672.png,82,82
2024,,122,14,Round 14,Round 14,True,2024-12-05T20:05:00,True,True,1,2024-12-05T20:05:00,2024-12-05T19:05:00Z,"['L', 'L', 'W', 'L', 'L']","['L', 'L', 'L', 'L', 'W']",EuroLeague 2024-25,E2024,2024-25,E,2024,2024-06-29T00:00:00,653ea5d2-0ed0-4edf-9445-176b766c6b7a,1,Group Regular Season,Regular Season,RS,REGULAR SEASON,Regular Season,True,TEL,Maccabi Playtika Tel Aviv,Maccabi,,MTA,False,https://media-cdn.incrowdsports.com/5c55ef14-29df-4328-bd52-a7a64c432350.png,86,86,BAR,FC Barcelona,Barcelona,,BAR,False,https://media-cdn.incrowdsports.com/35dfa503-e417-481f-963a-bdf6f013763e.png,88,88
2024,,123,14,Round 14,Round 14,True,2024-12-06T19:00:00,True,True,1,2024-12-06T19:00:00,2024-12-06T18:00:00Z,"['W', 'W', 'W', 'L', 'W']","['L', 'L', 'L', 'W', 'L']",EuroLeague 2024-25,E2024,2024-25,E,2024,2024-06-29T00:00:00,653ea5d2-0ed0-4edf-9445-176b766c6b7a,1,Group Regular Season,Regular Season,RS,REGULAR SEASON,Regular Season,True,MCO,AS Monaco,Monaco,,ASM,False,https://media-cdn.incrowdsports.com/89ed276a-2ba3-413f-8ea2-b3be209ca129.png,100,100,BER,ALBA Berlin,ALBA,,BER,False,https://media-cdn.incrowdsports.com/ccc34858-22b0-47dc-904c-9940b0a16ff3.png,80,80
2024,,124,14,Round 14,Round 14,True,2024-12-06T20:15:00,True,True,2,2024-12-06T21:15:00,2024-12-06T19:15:00Z,"['W', 'W', 'L', 'W', 'L']","['W', 'W', 'W', 'W', 'W']",EuroLeague 2024-25,E2024,2024-25,E,2024,2024-06-29T00:00:00,653ea5d2-0ed0-4edf-9445-176b766c6b7a,1,Group Regular Season,Regular Season,RS,REGULAR SEASON,Regular Season,True,OLY,Olympiacos Piraeus,Olympiacos,,OLY,False,https://media-cdn.incrowdsports.com/789423ac-3cdf-4b89-b11c-b458aa5f59a6.png,90,90,PRS,Paris Basketball,Paris,Paris,PBB,False,https://media-cdn.incrowdsports.com/a033e5b3-0de7-48a3-98d9-d9a4b9df1f39.png,96,96
2024,,125,14,Round 14,Round 14,True,2024-12-06T20:30:00,True,True,1,2024-12-06T20:30:00,2024-12-06T19:30:00Z,"['L', 'L', 'L', 'L', 'L']","['L', 'L', 'W', 'L', 'W']",EuroLeague 2024-25,E2024,2024-25,E,2024,2024-06-29T00:00:00,653ea5d2-0ed0-4edf-9445-176b766c6b7a,1,Group Regular Season,Regular Season,RS,REGULAR SEASON,Regular Season,True,VIR,Virtus Segafredo Bologna,Virtus,,VIR,False,https://media-cdn.incrowdsports.com/4af5e83b-f2b5-4fba-a87c-1f85837a508a.png,87,87,RED,Crvena Zvezda Meridianbet Belgrade,Crvena Zvezda,,CZV,False,https://media-cdn.incrowdsports.com/d2eef4a8-62df-4fdd-9076-276004268515.png,94,94
2024,,126,14,Round 14,Round 14,True,2024-12-06T20:45:00,True,True,1,2024-12-06T20:45:00,2024-12-06T19:45:00Z,"['W', 'W', 'W', 'W', 'W']","['W', 'L', 'W', 'W', 'L']",EuroLeague 2024-25,E2024,2024-25,E,2024,2024-06-29T00:00:00,653ea5d2-0ed0-4edf-9445-176b766c6b7a,1,Group Regular Season,Regular Season,RS,REGULAR SEASON,Regular Season,True,MIL,EA7 Emporio Armani Milan,Milan,,EA7,False,https://media-cdn.incrowdsports.com/8154f184-c61a-4e7f-b14d-9d802e35cb95.png,92,92,ASV,LDLC ASVEL Villeurbanne,ASVEL,,ASV,False,https://media-cdn.incrowdsports.com/e33c6d1a-95ca-4dbc-b8cb-0201812104cc.png,84,84
2024,,127,15,Round 15,Round 15,True,2024-12-12T18:45:00,True,True,3,2024-12-12T20:45:00,2024-12-12T17:45:00Z,"['W', 'L', 'L', 'W', 'L']","['W', 'W', 'L', 'W', 'W']",EuroLeague 2024-25,E2024,2024-25,E,2024,2024-06-29T00:00:00,653ea5d2-0ed0-4edf-9445-176b766c6b7a,1,Group Regular Season,Regular Season,RS,REGULAR SEASON,Regular Season,True,ULK,Fenerbahce Beko Istanbul,Fenerbahce,,FBB,False,https://media-cdn.incrowdsports.com/0233ebbb-f3a2-49ea-837c-7fd3e661e672.png,69,69,MCO,AS Monaco,Monaco,,ASM,False,https://media-cdn.incrowdsports.com/89ed276a-2ba3-413f-8ea2-b3be209ca129.png,99,99
2024,,128,15,Round 15,Round 15,True,2024-12-12T19:00:00,True,True,1,2024-12-12T19:00:00,2024-12-12T18:00:00Z,"['L', 'L', 'W', 'L', 'L']","['W', 'W', 'W', 'W', 'W']",EuroLeague 2024-25,E2024,2024-25,E,2024,2024-06-29T00:00:00,653ea5d2-0ed0-4edf-9445-176b766c6b7a,1,Group Regular Season,Regular Season,RS,REGULAR SEASON,Regular Season,True,BER,ALBA Berlin,ALBA,,BER,False,https://media-cdn.incrowdsports.com/ccc34858-22b0-47dc-904c-9940b0a16ff3.png,90,90,PAR,Partizan Mozzart Bet Belgrade,Partizan,,PAR,False,https://media-cdn.incrowdsports.com/2681304e-77dd-4331-88b1-683078c0fb49.png,91,91
2024,,129,15,Round 15,Round 15,True,2024-12-12T20:30:00,True,True,1,2024-12-12T20:30:00,2024-12-12T19:30:00Z,"['L', 'W', 'W', 'L', 'L']","['L', 'L', 'L', 'L', 'W']",EuroLeague 2024-25,E2024,2024-25,E,2024,2024-06-29T00:00:00,653ea5d2-0ed0-4edf-9445-176b766c6b7a,1,Group Regular Season,Regular Season,RS,REGULAR SEASON,Regular Season,True,BAS,Baskonia Vitoria-Gasteiz,Baskonia,,BKN,False,https://media-cdn.incrowdsports.com/e324a6af-2a72-443e-9813-8bf2d364ddab.png,81,81,VIR,Virtus Segafredo Bologna,Virtus,,VIR,False,https://media-cdn.incrowdsports.com/4af5e83b-f2b5-4fba-a87c-1f85837a508a.png,82,82
2024,,130,15,Round 15,Round 15,True,2024-12-12T20:45:00,True,True,1,2024-12-12T20:45:00,2024-12-12T19:45:00Z,"['W', 'L', 'L', 'W', 'W']","['L', 'W', 'L', 'L', 'L']",EuroLeague 2024-25,E2024,2024-25,E,2024,2024-06-29T00:00:00,653ea5d2-0ed0-4edf-9445-176b766c6b7a,1,Group Regular Season,Regular Season,RS,REGULAR SEASON,Regular Season,True,MUN,FC Bayern Munich,Bayern,,BAY,False,https://media-cdn.incrowdsports.com/817b0e58-d595-4b09-ab0b-1e7cc26249ff.png,98,98,TEL,Maccabi Playtika Tel Aviv,Maccabi,,MTA,False,https://media-cdn.incrowdsports.com/5c55ef14-29df-4328-bd52-a7a64c432350.png,93,93
2024,,131,15,Round 15,Round 15,True,2024-12-12T20:45:00,True,True,1,2024-12-12T20:45:00,2024-12-12T19:45:00Z,"['W', 'W', 'L', 'L', 'L']","['W', 'L', 'L', 'W', 'W']",EuroLeague 2024-25,E2024,2024-25,E,2024,2024-06-29T00:00:00,653ea5d2-0ed0-4edf-9445-176b766c6b7a,1,Group Regular Season,Regular Season,RS,REGULAR SEASON,Regular Season,True,MAD,Real Madrid,Real,,RMB,False,https://media-cdn.incrowdsports.com/1a3e1404-4f6f-4ede-9d8b-30eee7cb51b4.png,83,83,ZAL,Zalgiris Kaunas,Zalgiris,,ZAL,False,https://media-cdn.incrowdsports.com/0aa09358-3847-4c4e-b228-3582ee4e536d.png,92,92
2024,,132,15,Round 15,Round 15,True,2024-12-13T18:30:00,True,True,3,2024-12-13T20:30:00,2024-12-13T17:30:00Z,"['L', 'L', 'W', 'L', 'W']","['L', 'L', 'W', 'L', 'L']",EuroLeague 2024-25,E2024,2024-25,E,2024,2024-06-29T00:00:00,653ea5d2-0ed0-4edf-9445-176b766c6b7a,1,Group Regular Season,Regular Season,RS,REGULAR SEASON,Regular Season,True,IST,Anadolu Efes Istanbul,Anadolu Efes,Efes,EFS,False,https://media-cdn.incrowdsports.com/8ea8cec7-d8f7-45f4-a956-d976b5867610.png,93,93,PAN,Panathinaikos AKTOR Athens,Panathinaikos,,PAO,False,https://media-cdn.incrowdsports.com/e3dff28a-9ec6-4faf-9d96-ecbc68f75780.png,67,67
2024,,133,15,Round 15,Round 15,True,2024-12-13T20:30:00,True,True,1,2024-12-13T20:30:00,2024-12-13T19:30:00Z,"['L', 'W', 'L', 'W', 'W']","['W', 'L', 'W', 'L', 'L']",EuroLeague 2024-25,E2024,2024-25,E,2024,2024-06-29T00:00:00,653ea5d2-0ed0-4edf-9445-176b766c6b7a,1,Group Regular Season,Regular Season,RS,REGULAR SEASON,Regular Season,True,RED,Crvena Zvezda Meridianbet Belgrade,Crvena Zvezda,,CZV,False,https://media-cdn.incrowdsports.com/d2eef4a8-62df-4fdd-9076-276004268515.png,87,87,OLY,Olympiacos Piraeus,Olympiacos,,OLY,False,https://media-cdn.incrowdsports.com/789423ac-3cdf-4b89-b11c-b458aa5f59a6.png,73,73
2024,,134,15,Round 15,Round 15,True,2024-12-13T20:30:00,True,True,1,2024-12-13T20:30:00,2024-12-13T19:30:00Z,"['L', 'L', 'L', 'W', 'L']","['W', 'W', 'W', 'W', 'W']",EuroLeague 2024-25,E2024,2024-25,E,2024,2024-06-29T00:00:00,653ea5d2-0ed0-4edf-9445-176b766c6b7a,1,Group Regular Season,Regular Season,RS,REGULAR SEASON,Regular Season,True,BAR,FC Barcelona,Barcelona,,BAR,False,https://media-cdn.incrowdsports.com/35dfa503-e417-481f-963a-bdf6f013763e.png,81,81,MIL,EA7 Emporio Armani Milan,Milan,,EA7,False,https://media-cdn.incrowdsports.com/8154f184-c61a-4e7f-b14d-9d802e35cb95.png,94,94
2024,,135,15,Round 15,Round 15,True,2024-12-13T21:00:00,True,True,1,2024-12-13T21:00:00,2024-12-13T20:00:00Z,"['L', 'W', 'W', 'L', 'W']","['W', 'W', 'W', 'W', 'L']",EuroLeague 2024-25,E2024,2024-25,E,2024,2024-06-29T00:00:00,653ea5d2-0ed0-4edf-9445-176b766c6b7a,1,Group Regular Season,Regular Season,RS,REGULAR SEASON,Regular Season,True,ASV,LDLC ASVEL Villeurbanne,ASVEL,,ASV,False,https://media-cdn.incrowdsports.com/e33c6d1a-95ca-4dbc-b8cb-0201812104cc.png,98,98,PRS,Paris Basketball,Paris,Paris,PBB,False,https://media-cdn.incrowdsports.com/a033e5b3-0de7-48a3-98d9-d9a4b9df1f39.png,93,93
2024,,136,16,Round 16,Round 16,True,2024-12-17T19:00:00,True,True,1,2024-12-17T19:00:00,2024-12-17T18:00:00Z,"['W', 'L', 'W', 'W', 'W']","['L', 'L', 'W', 'W', 'L']",EuroLeague 2024-25,E2024,2024-25,E,2024,2024-06-29T00:00:00,653ea5d2-0ed0-4edf-9445-176b766c6b7a,1,Group Regular Season,Regular Season,RS,REGULAR SEASON,Regular Season,True,MCO,AS Monaco,Monaco,,ASM,False,https://media-cdn.incrowdsports.com/89ed276a-2ba3-413f-8ea2-b3be209ca129.png,93,93,MUN,FC Bayern Munich,Bayern,,BAY,False,https://media-cdn.incrowdsports.com/817b0e58-d595-4b09-ab0b-1e7cc26249ff.png,74,74
2024,,137,16,Round 16,Round 16,True,2024-12-17T20:15:00,True,True,2,2024-12-17T21:15:00,2024-12-17T19:15:00Z,"['L', 'W', 'L', 'L', 'W']","['W', 'W', 'W', 'W', 'L']",EuroLeague 2024-25,E2024,2024-25,E,2024,2024-06-29T00:00:00,653ea5d2-0ed0-4edf-9445-176b766c6b7a,1,Group Regular Season,Regular Season,RS,REGULAR SEASON,Regular Season,True,PAN,Panathinaikos AKTOR Athens,Panathinaikos,,PAO,False,https://media-cdn.incrowdsports.com/e3dff28a-9ec6-4faf-9d96-ecbc68f75780.png,103,103,MIL,EA7 Emporio Armani Milan,Milan,,EA7,False,https://media-cdn.incrowdsports.com/8154f184-c61a-4e7f-b14d-9d802e35cb95.png,74,74
2024,,138,16,Round 16,Round 16,True,2024-12-17T20:30:00,True,True,1,2024-12-17T20:30:00,2024-12-17T19:30:00Z,"['L', 'L', 'W', 'L', 'W']","['L', 'L', 'W', 'L', 'L']",EuroLeague 2024-25,E2024,2024-25,E,2024,2024-06-29T00:00:00,653ea5d2-0ed0-4edf-9445-176b766c6b7a,1,Group Regular Season,Regular Season,RS,REGULAR SEASON,Regular Season,True,BAR,FC Barcelona,Barcelona,,BAR,False,https://media-cdn.incrowdsports.com/35dfa503-e417-481f-963a-bdf6f013763e.png,90,90,ULK,Fenerbahce Beko Istanbul,Fenerbahce,,FBB,False,https://media-cdn.incrowdsports.com/0233ebbb-f3a2-49ea-837c-7fd3e661e672.png,63,63
2024,,139,16,Round 16,Round 16,True,2024-12-17T20:30:00,True,True,1,2024-12-17T20:30:00,2024-12-17T19:30:00Z,"['W', 'W', 'W', 'L', 'L']","['W', 'L', 'L', 'L', 'W']",EuroLeague 2024-25,E2024,2024-25,E,2024,2024-06-29T00:00:00,653ea5d2-0ed0-4edf-9445-176b766c6b7a,1,Group Regular Season,Regular Season,RS,REGULAR SEASON,Regular Season,True,PRS,Paris Basketball,Paris,Paris,PBB,False,https://media-cdn.incrowdsports.com/a033e5b3-0de7-48a3-98d9-d9a4b9df1f39.png,85,85,MAD,Real Madrid,Real,,RMB,False,https://media-cdn.incrowdsports.com/1a3e1404-4f6f-4ede-9d8b-30eee7cb51b4.png,96,96
2024,,140,16,Round 16,Round 16,True,2024-12-17T20:45:00,True,True,1,2024-12-17T20:45:00,2024-12-17T19:45:00Z,"['L', 'W', 'L', 'L', 'L']","['L', 'L', 'W', 'W', 'W']",EuroLeague 2024-25,E2024,2024-25,E,2024,2024-06-29T00:00:00,653ea5d2-0ed0-4edf-9445-176b766c6b7a,1,Group Regular Season,Regular Season,RS,REGULAR SEASON,Regular Season,True,BER,ALBA Berlin,ALBA,,BER,False,https://media-cdn.incrowdsports.com/ccc34858-22b0-47dc-904c-9940b0a16ff3.png,66,66,ZAL,Zalgiris Kaunas,Zalgiris,,ZAL,False,https://media-cdn.incrowdsports.com/0aa09358-3847-4c4e-b228-3582ee4e536d.png,86,86
2024,,141,16,Round 16,Round 16,True,2024-12-17T20:05:00,True,True,1,2024-12-17T20:05:00,2024-12-17T19:05:00Z,"['W', 'L', 'L', 'L', 'L']","['W', 'W', 'L', 'L', 'W']",EuroLeague 2024-25,E2024,2024-25,E,2024,2024-06-29T00:00:00,653ea5d2-0ed0-4edf-9445-176b766c6b7a,1,Group Regular Season,Regular Season,RS,REGULAR SEASON,Regular Season,True,TEL,Maccabi Playtika Tel Aviv,Maccabi,,MTA,False,https://media-cdn.incrowdsports.com/5c55ef14-29df-4328-bd52-a7a64c432350.png,85,85,BAS,Baskonia Vitoria-Gasteiz,Baskonia,,BKN,False,https://media-cdn.incrowdsports.com/e324a6af-2a72-443e-9813-8bf2d364ddab.png,95,95
2024,,144,16,Round 16,Round 16,True,2024-12-17T20:45:00,True,True,1,2024-12-17T20:45:00,2024-12-17T19:45:00Z,"['W', 'W', 'W', 'W', 'L']","['W', 'W', 'L', 'W', 'W']",EuroLeague 2024-25,E2024,2024-25,E,2024,2024-06-29T00:00:00,653ea5d2-0ed0-4edf-9445-176b766c6b7a,1,Group Regular Season,Regular Season,RS,REGULAR SEASON,Regular Season,True,PAR,Partizan Mozzart Bet Belgrade,Partizan,,PAR,False,https://media-cdn.incrowdsports.com/2681304e-77dd-4331-88b1-683078c0fb49.png,79,79,ASV,LDLC ASVEL Villeurbanne,ASVEL,,ASV,False,https://media-cdn.incrowdsports.com/e33c6d1a-95ca-4dbc-b8cb-0201812104cc.png,82,82
